Title,Price,Category,Rating,ReviewCount,Description
1. Diesel Mega Chief Stainless Steel Men's Watch with Analog or Digital Movement,$21.99 ,Watches,4.2,"3,014",Price and other details may vary based on product size and color.
2. KXAITO Men's Watches Sports Outdoor Waterproof Military Watch Date Multi Function Tactics LED Alarm Stopwatch,$17.97 ,Watches,4.6,"17,795",KXAITO Men's Watches Sports Outdoor Waterproof Military Watch Date Multi Function Tactics LED Alarm Stopwatch
3. Casio Illuminator AE1500WH Series | 10-Year Battery | LED Backlight | 5-Alarms | 1/100 Sec Stopwatch | Men's Digital Watch,$26.95 ,Watches,4.6,"18,478",Casio Illuminator AE1500WH Series | 10-Year Battery | LED Backlight | 5-Alarms | 1/100 Sec Stopwatch | Men's Digital Watch
4. Fossil Grant Men's Watch with Chronograph or Automatic Display and Genuine Leather or Stainless Steel Band,$64.00 ,Watches,4.5,"9,605",Fossil Grant Men's Watch with Chronograph or Automatic Display and Genuine Leather or Stainless Steel Band
"5. Fossil Minimalist Men's Watch with Leather or Stainless Steel Band, Chronograph or Analog Watch Display with Slim Case Design",$160.00 ,Watches,4.4,"26,262","Fossil Minimalist Men's Watch with Leather or Stainless Steel Band, Chronograph or Analog Watch Display with Slim Case Design"
6. Timex Men's Expedition Scout 40mm Watch,$65.00 ,Watches,4.7,"53,360",Timex Men's Expedition Scout 40mm Watch
"7. Casio MDV106 Series | Unisex Analog Watch | 200M WR | Stainless Steel Case | Resin Band | 2 Hand Analog (HR, Min, SEC) | Date Display | Screw Down Crown/Screw Down Caseback | 3 Year Battery",$130.00 ,Watches,4.4,"13,407","Casio MDV106 Series | Unisex Analog Watch | 200M WR | Stainless Steel Case | Resin Band | 2 Hand Analog (HR, Min, SEC) | Date Display | Screw Down Crown/Screw Down Caseback | 3 Year Battery"
8. Casio AQS800W Series | Analog Digital Watch | 100M WR | Solar Powered | 1/100 SEC Stop Watch | 6-Language Day of The Week Indicator | Countdown Timer | LED Light | Multi Alarm,$26.80 ,Watches,4.5,"21,534",Casio AQS800W Series | Analog Digital Watch | 100M WR | Solar Powered | 1/100 SEC Stop Watch | 6-Language Day of The Week Indicator | Countdown Timer | LED Light | Multi Alarm
9. Fossil Nate Men's Watch with Oversized Chronograph Watch Dial and Stainless Steel or Leather Band,$34.92 ,Watches,4.4,"5,414",Fossil Nate Men's Watch with Oversized Chronograph Watch Dial and Stainless Steel or Leather Band
10. Amazon Essentials Men's Easy to Read Strap Watch,$48.94 ,Watches,4.5,"22,447",Amazon Essentials Men's Easy to Read Strap Watch
11. Timex Unisex Weekender 38mm Watch,$69.95 ,Watches,4.5,"11,511",Timex Unisex Weekender 38mm Watch
"12. Casio FT500WC Series | Men's Analog Watch | 100 Meter Water Resistance | LED Light | Date Display | Leather/Cloth Band | Regular Time Keeping (HR, Min, SEC, PM, Date, Day) | 3 Year Battery",$19.19 ,Watches,4.5,"6,360","Casio FT500WC Series | Men's Analog Watch | 100 Meter Water Resistance | LED Light | Date Display | Leather/Cloth Band | Regular Time Keeping (HR, Min, SEC, PM, Date, Day) | 3 Year Battery"
"13. Samsung Galaxy Watch 6 44mm Bluetooth Smartwatch, Fitness Tracker, Personalized HR Zones, Advanced Sleep Coaching, Heart Monitor, BIA Sensor, Health Wellness Insights, Big Screen, US Version, Graphite",$54.95 ,Watches,4.6,"10,983","Samsung Galaxy Watch 6 44mm Bluetooth Smartwatch, Fitness Tracker, Personalized HR Zones, Advanced Sleep Coaching, Heart Monitor, BIA Sensor, Health Wellness Insights, Big Screen, US Version, Graphite"
14. Timex Men's Easy Reader Watch,$97.50 ,Watches,4.6,"5,661",Timex Men's Easy Reader Watch
15. Anne Klein Women's Leather Strap Watch,$180.00 ,Watches,4.4,"16,013",Anne Klein Women's Leather Strap Watch
16. Timex Men's Easy Reader Watch,$18.02 ,Watches,4.6,"25,641",Timex Men's Easy Reader Watch
"17. Casio F108WH Series | Men's Digital Watch | Illuminator | Water Resistant | LED Light | Daily Alarm | 1/100 SEC Stopwatch | 3 Hands (HR, Min, SEC) | Date/Day Display | Daily Alarm | 7 Year Battery",$29.76 ,Watches,4.1,122,"Casio F108WH Series | Men's Digital Watch | Illuminator | Water Resistant | LED Light | Daily Alarm | 1/100 SEC Stopwatch | 3 Hands (HR, Min, SEC) | Date/Day Display | Daily Alarm | 7 Year Battery"
"18. Smart Watch(Answer/Make Call), 2.02"" Smartwatch with Blood Oxygen Heart Rate Sleep Monitor, IP68 Waterproof Fitness Tracker 100+ Sports Modes Compatible with iOS Android for Men Women",$35.16 ,Watches,3.6,104,"Smart Watch(Answer/Make Call), 2.02"" Smartwatch with Blood Oxygen Heart Rate Sleep Monitor, IP68 Waterproof Fitness Tracker 100+ Sports Modes Compatible with iOS Android for Men Women"
"19. Smart Watch with Earbuds, 1.52"" HD Screen Smartwatch for Men, Rugged Military Bluetooth Call Fitness Tracker,3 in 1 Bluetooth Watch with Local Music,Sleep Monitor,Heart Rate",$21.92 ,Watches,4.3,"7,908","Smart Watch with Earbuds, 1.52"" HD Screen Smartwatch for Men, Rugged Military Bluetooth Call Fitness Tracker,3 in 1 Bluetooth Watch with Local Music,Sleep Monitor,Heart Rate"
"20. CRRJU Men's Fashion Stainless Steel Watches Date Waterproof Chronograph Wristwatches,Stainsteel Steel Band Waterproof Watch",$29.95 ,Watches,4.3,298,"CRRJU Men's Fashion Stainless Steel Watches Date Waterproof Chronograph Wristwatches,Stainsteel Steel Band Waterproof Watch"
"21. MVMT Men’s Legacy Slim Watch - Analog Watch for Men - Minimalist, Water Resistant 3 ATM/30 Meters Men’s Dress Watch - Premium Japanese Quartz Men’s Wristwatch - 42mm",$30.94 ,Watches,4.6,"3,825","MVMT Men’s Legacy Slim Watch - Analog Watch for Men - Minimalist, Water Resistant 3 ATM/30 Meters Men’s Dress Watch - Premium Japanese Quartz Men’s Wristwatch - 42mm"
22. Fossil Dean Men's Dress Watch with Chronograph Display and Stainless Steel Bracelet Band,$36.40 ,Watches,4.4,"29,406",Fossil Dean Men's Dress Watch with Chronograph Display and Stainless Steel Bracelet Band
"23. Casio MRW200H Series | Unisex Analog Watch | 100M WR | Stainless Steel Case | Resin Band | 2 Hand Analog (HR, Min, SEC) | Date Display | Screw Down Crown/Screw Down Caseback | 3 Year Battery",$20.26 ,Watches,4.5,"12,646","Casio MRW200H Series | Unisex Analog Watch | 100M WR | Stainless Steel Case | Resin Band | 2 Hand Analog (HR, Min, SEC) | Date Display | Screw Down Crown/Screw Down Caseback | 3 Year Battery"
"24. GOLDEN HOUR Fashion Business Mens Watches with Stainless Steel Waterproof Chronograph Quartz Watch for Men, Auto Date",$65.00 ,Watches,4.3,298,"GOLDEN HOUR Fashion Business Mens Watches with Stainless Steel Waterproof Chronograph Quartz Watch for Men, Auto Date"
"25. MVMT Men’s Legacy Slim Watch - Analog Watch for Men - Minimalist, Water Resistant 3 ATM/30 Meters Men’s Dress Watch - Premium Japanese Quartz Men’s Wristwatch - 42mm",$15.00 ,Watches,4.1,"1,256","MVMT Men’s Legacy Slim Watch - Analog Watch for Men - Minimalist, Water Resistant 3 ATM/30 Meters Men’s Dress Watch - Premium Japanese Quartz Men’s Wristwatch - 42mm"
"26. OLEVS Classic Men Watches with Date,Stainless Steel Man Watch with Date, Bussiness Watches for Men,Luminous Quartz Mens Watches Black/White/Blue/Gold, Waterproof Male Watch with Week",$22.95 ,Watches,4.6,489,"OLEVS Classic Men Watches with Date,Stainless Steel Man Watch with Date, Bussiness Watches for Men,Luminous Quartz Mens Watches Black/White/Blue/Gold, Waterproof Male Watch with Week"
"27. Citizen Men's Eco-Drive Corso Classic Watch in Stainless Steel with Brown Leather strap, Blue Dial (Model: BU2070-12L)",$69.99 ,Watches,4.6,"2,601","Citizen Men's Eco-Drive Corso Classic Watch in Stainless Steel with Brown Leather strap, Blue Dial (Model: BU2070-12L)"
"28. Citizen Men's Classic Corso Eco-Drive Watch, Chronograph, 12/24 Hour Time, Date, Sapphire Crystal",$95.99 ,Watches,4.4,"6,768","Citizen Men's Classic Corso Eco-Drive Watch, Chronograph, 12/24 Hour Time, Date, Sapphire Crystal"
29. Nine West Women's Strap Watch,$109.99 ,Watches,3.8,4,Nine West Women's Strap Watch
30. FORSINING Men's Automatic Wrist Mechanical Watches Limited Luxury Carved Dial Mechanical Watch for Men,$35.19 ,Watches,3.8,"1,011",FORSINING Men's Automatic Wrist Mechanical Watches Limited Luxury Carved Dial Mechanical Watch for Men
1. Check each product page for other buying options. Price and other details may vary based on product size and color.,$7.99 ,Cat Supplies,4.7,4,Check each product page for other buying options. Price and other details may vary based on product size and color.
"2. Rechargeable Cat Steam Brush for Shedding - Self Cleaning Steamy Cat Brush Cat Steamy 3-in-1 Pet Steam Brush - Spray, Massage & Hair Removal Grooming Tool, Pink",$2.06 ,Cat Supplies,4.4,21,"Rechargeable Cat Steam Brush for Shedding - Self Cleaning Steamy Cat Brush Cat Steamy 3-in-1 Pet Steam Brush - Spray, Massage & Hair Removal Grooming Tool, Pink"
"3. Dog Ear Cleaner Finger Wipes - Gently Remove Ear Wax & Debris, Relieve Ear Itching & Inflammation - Soothing Cleansing Deodorizing Ear Care Wipes for Cat and Dog (50 Pcs, Unscented)",$15.99 ,Cat Supplies,4.4,991,"Dog Ear Cleaner Finger Wipes - Gently Remove Ear Wax & Debris, Relieve Ear Itching & Inflammation - Soothing Cleansing Deodorizing Ear Care Wipes for Cat and Dog (50 Pcs, Unscented)"
"4. FW54 5G/2.4GHz WiFi Automatic Feeder and Waterer 2-in-1 Set for Pets, 300 oz Large Capacity for 2 Weeks, Perfect for Working Parents",$0.32 ,Cat Supplies,4.3,"4,680","FW54 5G/2.4GHz WiFi Automatic Feeder and Waterer 2-in-1 Set for Pets, 300 oz Large Capacity for 2 Weeks, Perfect for Working Parents"
"5. Cat Brush Dog Brush with Release Button for Shedding, Self Cleaning Cat Comb Hair Brush for Indoor Cats, Dog Deshedding Brush Grooming Kit, Pet Supplies Hair Remover Tool",$19.99 ,Cat Supplies,4.5,"7,354","Cat Brush Dog Brush with Release Button for Shedding, Self Cleaning Cat Comb Hair Brush for Indoor Cats, Dog Deshedding Brush Grooming Kit, Pet Supplies Hair Remover Tool"
"6. Veken Innovation Award Winner Stainless Steel Cat Water Fountain, 95oz/2.8L Automatic Pet Fountain Dog Water Dispenser with Replacement Filters & Silicone Mat for Cats, Dogs, Multiple Pets (Silver)",$79.99 ,Cat Supplies,4.4,"4,831","Veken Innovation Award Winner Stainless Steel Cat Water Fountain, 95oz/2.8L Automatic Pet Fountain Dog Water Dispenser with Replacement Filters & Silicone Mat for Cats, Dogs, Multiple Pets (Silver)"
7. Self Warming Cat Bed Self Heating Cat Dog Mat 24 x 18 inch Extra Warm Thermal Pet Pad for Indoor Outdoor Pets with Removable Cover Non-Slip Bottom Washable,$99.99 ,Cat Supplies,4.5,"3,032",Self Warming Cat Bed Self Heating Cat Dog Mat 24 x 18 inch Extra Warm Thermal Pet Pad for Indoor Outdoor Pets with Removable Cover Non-Slip Bottom Washable
"8. Laser Cat Toys for Indoor Cats,The 4th Generation Real Random Trajectory Motion Activated Rechargeable Automatic Cat Laser Toy,Interactive Cat Toys for Bored Indoor Adult Cats/Kittens/Dogs",$15.99 ,Cat Supplies,4.1,"9,796","Laser Cat Toys for Indoor Cats,The 4th Generation Real Random Trajectory Motion Activated Rechargeable Automatic Cat Laser Toy,Interactive Cat Toys for Bored Indoor Adult Cats/Kittens/Dogs"
"9. PETLIBRO Cat Water Fountain, Wireless Pet Fountain Battery Operated, 2.5L/84oz Dockstream Automatic Dog Water Dispenser for Drinking with Quiet Pump Inside Stainless Steel Tray Easy Clean BPA-Free",$15.99 ,Cat Supplies,4.6,"26,404","PETLIBRO Cat Water Fountain, Wireless Pet Fountain Battery Operated, 2.5L/84oz Dockstream Automatic Dog Water Dispenser for Drinking with Quiet Pump Inside Stainless Steel Tray Easy Clean BPA-Free"
"10. PetSafe ScoopFree Crystal Pro Self Cleaning Litter Box, Automatic Cat Litter Box - Comes with 1 Disposable Crystal Litter Tray (Grey, Uncovered)",$26.99 ,Cat Supplies,5,37,"PetSafe ScoopFree Crystal Pro Self Cleaning Litter Box, Automatic Cat Litter Box - Comes with 1 Disposable Crystal Litter Tray (Grey, Uncovered)"
"11. Fresh Step Clean Paws Cat Litter With Febreze Freshness, Advanced Multi-Cat Low-Tracking Clumping Litter With Guaranteed Odor Control, 37 lbs. (2 x 18.5 lb. Box)",$35.99 ,Cat Supplies,4.6,43,"Fresh Step Clean Paws Cat Litter With Febreze Freshness, Advanced Multi-Cat Low-Tracking Clumping Litter With Guaranteed Odor Control, 37 lbs. (2 x 18.5 lb. Box)"
12. Cat Water Fountain - Quiet Pet Lndoor Water Bowl Dispenser 54oz/1.6L with Replacement Multi-Filtration(2 pcs Filters) Detachable Design Easy Cleaning - Fresh and Clean Water for Pets (Pink),$18.39 ,Cat Supplies,4.4,70,Cat Water Fountain - Quiet Pet Lndoor Water Bowl Dispenser 54oz/1.6L with Replacement Multi-Filtration(2 pcs Filters) Detachable Design Easy Cleaning - Fresh and Clean Water for Pets (Pink)
"13. Cat Starter Kit for Indoor Cats,19 Pieces Set of Kitten Essentials Starter Kit and Kitty Stuff.Includes Cat Litter Box,Toys,Bowls,Grooming Tools and More.Perfect Welcome Home Gift for Your New Kitty",$18.39 ,Cat Supplies,4.5,21,"Cat Starter Kit for Indoor Cats,19 Pieces Set of Kitten Essentials Starter Kit and Kitty Stuff.Includes Cat Litter Box,Toys,Bowls,Grooming Tools and More.Perfect Welcome Home Gift for Your New Kitty"
"14. Dog Teeth Cleaning Wipes, Teeth Cleaning Wipes for Dogs & Cats, Remove Bad Breath by Removing Plaque and Tartar Buildup No-Rinse, Dog Finger Toothbrush, Veterinarians Recommend Disposable Pet Wipes",$26.99 ,Cat Supplies,4.5,"8,411","Dog Teeth Cleaning Wipes, Teeth Cleaning Wipes for Dogs & Cats, Remove Bad Breath by Removing Plaque and Tartar Buildup No-Rinse, Dog Finger Toothbrush, Veterinarians Recommend Disposable Pet Wipes"
"15. Kastty Quiet Cat Water Fountain, 3.5L/118oz Large Capacity Pet Water Fountain for Cats Indoor with Water Level Window and LED Light, Easy Cleaning Dog Water Fountain Automatic Cat Water Dispenser",$19.99 ,Cat Supplies,4.3,"57,905","Kastty Quiet Cat Water Fountain, 3.5L/118oz Large Capacity Pet Water Fountain for Cats Indoor with Water Level Window and LED Light, Easy Cleaning Dog Water Fountain Automatic Cat Water Dispenser"
"16. Poils bebe L Shape Cat Scratcher, 26.8 Inch Cat Scratchers for Indoor Cats, Protecting Furniture Cat Scratch Pad, Cardboard Cat Scratching with Ball Toy, Catnip, Large",$19.99 ,Cat Supplies,4.5,805,"Poils bebe L Shape Cat Scratcher, 26.8 Inch Cat Scratchers for Indoor Cats, Protecting Furniture Cat Scratch Pad, Cardboard Cat Scratching with Ball Toy, Catnip, Large"
"17. rabbitgoo Cat Harness and Leash for Walking, Escape Proof Soft Adjustable Vest Harnesses for Cats, Easy Control Breathable Reflective Strips Jacket, Black, XXS",$25.00 ,Cat Supplies,4.6,"13,269","rabbitgoo Cat Harness and Leash for Walking, Escape Proof Soft Adjustable Vest Harnesses for Cats, Easy Control Breathable Reflective Strips Jacket, Black, XXS"
18. Comotech 3PCS Cat Grooming Kit | Cat Brush | Cat Brushes for indoor Cats | Cat Nail Clipper | Cat Nail Trimmer | Cat Bath Brush | Cat Brush for Shedding - Premium Cat Supplies (Green),$55.99 ,Cat Supplies,4.5,22,Comotech 3PCS Cat Grooming Kit | Cat Brush | Cat Brushes for indoor Cats | Cat Nail Clipper | Cat Nail Trimmer | Cat Bath Brush | Cat Brush for Shedding - Premium Cat Supplies (Green)
"19. Andiker Cat Spiral Spring, 12 Pc Cat Creative Toy to Kill Time and Keep Fit Interactive Cat Toy Sturdy Heavy Plastic Spring Colorful Springs Cat Toy for Swatting, Biting, Hunting Kitten Toys",$99.98 ,Cat Supplies,4.4,36,"Andiker Cat Spiral Spring, 12 Pc Cat Creative Toy to Kill Time and Keep Fit Interactive Cat Toy Sturdy Heavy Plastic Spring Colorful Springs Cat Toy for Swatting, Biting, Hunting Kitten Toys"
20. Cat Pheromones Calming Diffuser: Cat Calming Diffuser to Relieve Cat Stress and Anxiety -Cat Pheromone Diffuser to Reduce Urinating Meowing and Scratching-Cat Calming Diffuser Plug In with 2 Refills,$123.48 ,Cat Supplies,4.5,502,Cat Pheromones Calming Diffuser: Cat Calming Diffuser to Relieve Cat Stress and Anxiety -Cat Pheromone Diffuser to Reduce Urinating Meowing and Scratching-Cat Calming Diffuser Plug In with 2 Refills
"21. SIBAYS 118oz/3.5L Cat Water Fountain, Automatic Pet Water Fountain for Cats Indoor, Super Quiet Cat Drinking Fountain with Visible Water Level, Premium BPA-Free Dog Water Bowl Dispenser, Easy to Clean",$129.99 ,Cat Supplies,4.3,"6,183","SIBAYS 118oz/3.5L Cat Water Fountain, Automatic Pet Water Fountain for Cats Indoor, Super Quiet Cat Drinking Fountain with Visible Water Level, Premium BPA-Free Dog Water Bowl Dispenser, Easy to Clean"
"22. [2024 Upgraded Complete Cordless] Runway Wireless Pump Cat Water Fountain with 4 Filters - Waterproof Self-Contained Battery, Stainless Steel, 1.1 Gal/135oz, Motion Sensor, 5-Stage Filtration for Pets",$24.34 ,Cat Supplies,4.4,"1,525","[2024 Upgraded Complete Cordless] Runway Wireless Pump Cat Water Fountain with 4 Filters - Waterproof Self-Contained Battery, Stainless Steel, 1.1 Gal/135oz, Motion Sensor, 5-Stage Filtration for Pets"
"23. Cat Water Fountain,4L Automatic Stainless Steel Pet Fountain with LED Light Water Level Window,Dog Water Dispenser for Multiple Pets Drinking",$0.04 ,Cat Supplies,4.4,"12,468","Cat Water Fountain,4L Automatic Stainless Steel Pet Fountain with LED Light Water Level Window,Dog Water Dispenser for Multiple Pets Drinking"
"24. MILIFUN Cat Food Bowls Elevated Tilted, Anti Vomiting Orthopedic Kitty Bowls for Puppy and Bunny, Indoor Cats.",$35.10 ,Cat Supplies,4.3,"10,807","MILIFUN Cat Food Bowls Elevated Tilted, Anti Vomiting Orthopedic Kitty Bowls for Puppy and Bunny, Indoor Cats."
"25. PETLIBRO App Monitoring Cat Water Fountain, 2.5L/84oz Dockstream Pet Water Fountains for Cats Indoor, Automatic Cat Water Dispenser for Drinking with 2.4G Wi-Fi, Smart Fountain, Stainless Steel Tray",$24.99 ,Cat Supplies,4.3,"37,470","PETLIBRO App Monitoring Cat Water Fountain, 2.5L/84oz Dockstream Pet Water Fountains for Cats Indoor, Automatic Cat Water Dispenser for Drinking with 2.4G Wi-Fi, Smart Fountain, Stainless Steel Tray"
"26. Burt's Bees for Pets Cat Naturally Derived Waterless Shampoo with Shea Butter and Honey - Cat Waterless Shampoo Spray - Easy to Use Cat Dry Shampoo - Made in the USA, 10 Oz",$24.99 ,Cat Supplies,4.4,"15,491","Burt's Bees for Pets Cat Naturally Derived Waterless Shampoo with Shea Butter and Honey - Cat Waterless Shampoo Spray - Easy to Use Cat Dry Shampoo - Made in the USA, 10 Oz"
"27. PETLIBRO Automatic Cat Feeder, Automatic Cat Food Dispenser with Freshness Preservation, Timed Cat Feeders for Dry Food, Up to 50 Portions 6 Meals Per Day, Granary Pet Feeder for Cats",$75.88 ,Cat Supplies,4.7,"7,140","PETLIBRO Automatic Cat Feeder, Automatic Cat Food Dispenser with Freshness Preservation, Timed Cat Feeders for Dry Food, Up to 50 Portions 6 Meals Per Day, Granary Pet Feeder for Cats"
"28. Veken 95oz/2.8L Pet Fountain, Automatic Cat Water Fountain Dog Water Dispenser with Replacement Filters for Cats, Dogs, Multiple Pets (Blue, Plastic)",$75.88 ,Cat Supplies,4.4,"51,698","Veken 95oz/2.8L Pet Fountain, Automatic Cat Water Fountain Dog Water Dispenser with Replacement Filters for Cats, Dogs, Multiple Pets (Blue, Plastic)"
"29. Petmate Scoop N' Hide Cat Litter Scoop with Discreet Litter Scoop Holder, Brushed Nickel",$9.98 ,Cat Supplies,4.5,"8,719","Petmate Scoop N' Hide Cat Litter Scoop with Discreet Litter Scoop Holder, Brushed Nickel"
"30. Mr. Pen- Cat Nail Clipper, Kitten Nail Trimmers, Pet Nail Cutter",$24.79 ,Cat Supplies,4.4,"12,551","Mr. Pen- Cat Nail Clipper, Kitten Nail Trimmers, Pet Nail Cutter"
1. Check each product page for other buying options. Price and other details may vary based on product size and color.,$355.99 ,Furniture,3.3,11,Check each product page for other buying options. Price and other details may vary based on product size and color.
"2. ZeeFu Convertible Sectional Sofa Couch,Classic 3 Seat L-Shaped Sofa Set with Movable Ottoman, Modern Beige Velvet Fabric Upholstered Small Sectional Sofa Couch for Small Apartment Living Room Office",$62.99 ,Furniture,4.4,"6,258","ZeeFu Convertible Sectional Sofa Couch,Classic 3 Seat L-Shaped Sofa Set with Movable Ottoman, Modern Beige Velvet Fabric Upholstered Small Sectional Sofa Couch for Small Apartment Living Room Office"
"3. WLIVE Dresser for Bedroom with 8 Drawers, Wide Fabric Dresser for Storage and Organization, Bedroom Dresser, Chest of Drawers for Living Room, Closet, Hallway, Charcoal Black Wood Grain Print",$99.99 ,Furniture,4.5,"2,170","WLIVE Dresser for Bedroom with 8 Drawers, Wide Fabric Dresser for Storage and Organization, Bedroom Dresser, Chest of Drawers for Living Room, Closet, Hallway, Charcoal Black Wood Grain Print"
"4. Yoobure Tree Bookshelf - 6 Shelf Retro Floor Standing Bookcase, Tall Wood Book Storage Rack for CDs/Movies/Books, Utility Book Organizer Shelves for Bedroom, Living Room, Home Office",$39.99 ,Furniture,4.2,"19,108","Yoobure Tree Bookshelf - 6 Shelf Retro Floor Standing Bookcase, Tall Wood Book Storage Rack for CDs/Movies/Books, Utility Book Organizer Shelves for Bedroom, Living Room, Home Office"
"5. Furinno Basic 3-Tier Bookcase Storage Shelves, French Oak Grey",$6.67 ,Furniture,4.5,"3,473","Furinno Basic 3-Tier Bookcase Storage Shelves, French Oak Grey"
"6. SUPERJARE Nightstand with Charging Station, Bed Side Table with Adjustable Fabric Drawer, Night Stand for Bedroom, 3-Tier Storage End Table, for Living Room, Rustic Brown and Black",$59.99 ,Furniture,4,85,"SUPERJARE Nightstand with Charging Station, Bed Side Table with Adjustable Fabric Drawer, Night Stand for Bedroom, 3-Tier Storage End Table, for Living Room, Rustic Brown and Black"
"7. MAXYOYO Folding Sofa Bed, Convertible Sleeper Chair with Pillow Foldable Mattress with Back Support, Portable Fold Out Chair Bed Comfy Floor Sofa Lounge for Living Room Bedroom, Green, Single",$19.75 ,Furniture,4.5,"6,210","MAXYOYO Folding Sofa Bed, Convertible Sleeper Chair with Pillow Foldable Mattress with Back Support, Portable Fold Out Chair Bed Comfy Floor Sofa Lounge for Living Room Bedroom, Green, Single"
"8. Melissa & Doug Wooden Toy Chest - White Furniture for Playroom - Kids Toy Box, Wooden Storage Organizer, Children's Furniture",$32.08 ,Furniture,4,142,"Melissa & Doug Wooden Toy Chest - White Furniture for Playroom - Kids Toy Box, Wooden Storage Organizer, Children's Furniture"
"9. Furnulem Tall Nightstand with Charging Station, Night Stands with LED Lights and Storage Shelves, Bed Side Table for Bedroom, Hallway, Office, 4 Fabric Drawers, Rustic Brown",$37.99 ,Furniture,4,265,"Furnulem Tall Nightstand with Charging Station, Night Stands with LED Lights and Storage Shelves, Bed Side Table for Bedroom, Hallway, Office, 4 Fabric Drawers, Rustic Brown"
"10. Night Stand Set 2, End Table with Charging Station, LED Bedside Table with Fabric Drawer for Bedroom, 3-Tier Side Table with Open Shelf, Black",$45.99 ,Furniture,4.5,"32,768","Night Stand Set 2, End Table with Charging Station, LED Bedside Table with Fabric Drawer for Bedroom, 3-Tier Side Table with Open Shelf, Black"
"11. Adhesive Shower Caddy, 5 Pack Rustproof Stainless Steel Bath Organizers With Large Capacity, No Drilling Shelves for Bathroom Storage & Home Decor",$119.99 ,Furniture,3.6,603,"Adhesive Shower Caddy, 5 Pack Rustproof Stainless Steel Bath Organizers With Large Capacity, No Drilling Shelves for Bathroom Storage & Home Decor"
"12. Night Stand, Modern Nightstand with Drawers, End Tables Living Room, Small Gold Side Table for Bedroom, Bedside Furniture (22-Black Stripe with Outlet, 1 Drawer)",$149.99 ,Furniture,3.5,6,"Night Stand, Modern Nightstand with Drawers, End Tables Living Room, Small Gold Side Table for Bedroom, Bedside Furniture (22-Black Stripe with Outlet, 1 Drawer)"
"13. Cubby Shelf Bookcase with Doors - Wooden 8 Cube Floor Standing Open Bookshelf with Solid Wood Legs, 3-Tier Storage Cabinet, Warm White",$88.19 ,Furniture,4.2,17,"Cubby Shelf Bookcase with Doors - Wooden 8 Cube Floor Standing Open Bookshelf with Solid Wood Legs, 3-Tier Storage Cabinet, Warm White"
"14. Cubby Shelf Bookcase with Doors - Wooden 11 Cube Floor Standing Open Bookshelf with Solid Wood Legs, 3-Tier Storage Cabinet, Oak and Warm White",$161.99 ,Furniture,4.1,154,"Cubby Shelf Bookcase with Doors - Wooden 11 Cube Floor Standing Open Bookshelf with Solid Wood Legs, 3-Tier Storage Cabinet, Oak and Warm White"
"15. Furnulem Tall Nightstand with 4-Tier Shelves, Night Stand with 3 Fabric Drawers and Charging Station, Bedside Shelf with LED Light, Bed Side Table for Bedroom, Home Office, Dorm (Black Oak)",$53.99 ,Furniture,4.3,"3,441","Furnulem Tall Nightstand with 4-Tier Shelves, Night Stand with 3 Fabric Drawers and Charging Station, Bedside Shelf with LED Light, Bed Side Table for Bedroom, Home Office, Dorm (Black Oak)"
"16. WLIVE TV Stand for 55 60 inch TV, Mid Century Modern TV Console, Entertainment Center with Storage for Living Room, Retro Brown",$69.99 ,Furniture,4.3,"9,756","WLIVE TV Stand for 55 60 inch TV, Mid Century Modern TV Console, Entertainment Center with Storage for Living Room, Retro Brown"
"17. BAYKA Floating Shelves for Wall, Wall Mounted Rustic Wood Shelves for Bathroom, Bedroom, Living Room, Kitchen, Hanging Shelf for Books/Storage/Room Decor with 22lbs Capacity (White, Set of 3, 16in)",$59.99 ,Furniture,4.6,"2,170","BAYKA Floating Shelves for Wall, Wall Mounted Rustic Wood Shelves for Bathroom, Bedroom, Living Room, Kitchen, Hanging Shelf for Books/Storage/Room Decor with 22lbs Capacity (White, Set of 3, 16in)"
"18. Industrial Table Lamps for Bedrooms Set of 2 - Fully Dimmable Bedside Lamps with USB A and C Ports and Outlet, Black Nightstand Lamps with Glass Shade for Living Room, Desk Lamps for Office Reading",$75.99 ,Furniture,4.6,"24,552","Industrial Table Lamps for Bedrooms Set of 2 - Fully Dimmable Bedside Lamps with USB A and C Ports and Outlet, Black Nightstand Lamps with Glass Shade for Living Room, Desk Lamps for Office Reading"
"19. SONGMICS 30 Inches Folding Storage Ottoman Bench, Storage Chest, Foot Rest Stool, Light Gray ULSF47G",$16.13 ,Furniture,4.2,7,"SONGMICS 30 Inches Folding Storage Ottoman Bench, Storage Chest, Foot Rest Stool, Light Gray ULSF47G"
"20. 3 Pieces Patio Set Balcony Furniture Sets for Apartments.Bistro Furniture Set, Conversation Sets with Coffee Table, for Porch, Patio, Garden and Removable Cushions (Grey)",$18.98 ,Furniture,4.6,29,"3 Pieces Patio Set Balcony Furniture Sets for Apartments.Bistro Furniture Set, Conversation Sets with Coffee Table, for Porch, Patio, Garden and Removable Cushions (Grey)"
"21. Boho Style Living Room Side Table, Wood End Table with Drawer, Small Nightstand for Bedroom, Rustic Oak",$79.99 ,Furniture,3.6,8,"Boho Style Living Room Side Table, Wood End Table with Drawer, Small Nightstand for Bedroom, Rustic Oak"
"22. Wimarsbon Modern Accent Chair,Teddy Velvet Armchair,Mid Century Sitting Chair with Sponge Cushion, Fluffy Comfy and Sturdy Lounge Chair with Metal Leg for Bedroom, Living Room, Office (Light Gray)",$129.00 ,Furniture,4.5,127,"Wimarsbon Modern Accent Chair,Teddy Velvet Armchair,Mid Century Sitting Chair with Sponge Cushion, Fluffy Comfy and Sturdy Lounge Chair with Metal Leg for Bedroom, Living Room, Office (Light Gray)"
"23. 5-Tier Wooden Open Bookcase - Modern Display Bookshelf with Top Edge and Solid Wood Frame for Home and Office, Storage Cabinet, Oak",$132.00 ,Furniture,4.1,370,"5-Tier Wooden Open Bookcase - Modern Display Bookshelf with Top Edge and Solid Wood Frame for Home and Office, Storage Cabinet, Oak"
"24. NeuType Arched Full Length Mirror Standing Hanging or Leaning Against Wall, Oversized Large Bedroom Mirror Floor Mirror Dressing Mirror, Aluminum Alloy Thin Frame, Gold, 65""x22""",$165.00 ,Furniture,4.2,793,"NeuType Arched Full Length Mirror Standing Hanging or Leaning Against Wall, Oversized Large Bedroom Mirror Floor Mirror Dressing Mirror, Aluminum Alloy Thin Frame, Gold, 65""x22"""
"25. Lerliuo Rattan Nightstand, Boho Side Table with Drawer Open Shelf, Cane Accent Bedside End Table with Solid Wood Legs for Bedroom, Dorm and Small Spaces (Natural)",$55.99 ,Furniture,4.2,"3,113","Lerliuo Rattan Nightstand, Boho Side Table with Drawer Open Shelf, Cane Accent Bedside End Table with Solid Wood Legs for Bedroom, Dorm and Small Spaces (Natural)"
"26. SPACELEAD Slim Storage Cart 4 Tier, Storage Organizer Rolling Utility/Mobile Shelving Unit Slide Out Storage Cart for Office, Bathroom, Kitchen, Laundry Room & Narrow Places， Green",$69.99 ,Furniture,4.5,"3,332","SPACELEAD Slim Storage Cart 4 Tier, Storage Organizer Rolling Utility/Mobile Shelving Unit Slide Out Storage Cart for Office, Bathroom, Kitchen, Laundry Room & Narrow Places， Green"
"27. Pipishell Coat Rack Sturdy Wooden Coat Rack Stand, Adjustable Coat Tree, Free Standing Tree Hanger with 4 Sections & 8 Hooks, for Home/Bedroom/Office/Hallway/Entryway",$99.99 ,Furniture,4.7,"1,001","Pipishell Coat Rack Sturdy Wooden Coat Rack Stand, Adjustable Coat Tree, Free Standing Tree Hanger with 4 Sections & 8 Hooks, for Home/Bedroom/Office/Hallway/Entryway"
"28. LVB Wood Console Table, Long Metal Entryway Table Behind Couch, Large Narrow 3 Tier Sofa Table with Storage Shelf, Wooden Foyer Hallway Accent Tables for Entry Living Room Bedroom, Rustic Oak, 63 Inch",$139.99 ,Furniture,4.5,"1,291","LVB Wood Console Table, Long Metal Entryway Table Behind Couch, Large Narrow 3 Tier Sofa Table with Storage Shelf, Wooden Foyer Hallway Accent Tables for Entry Living Room Bedroom, Rustic Oak, 63 Inch"
"29. Furologee White 59” L Shaped Desk with Power Outlet, Reversible Computer Desk with File Drawer & 2 Monitor Stands, Corner Home Office Desk with Storage Shelves for Gaming Writing",$29.74 ,Furniture,4.2,41,"Furologee White 59” L Shaped Desk with Power Outlet, Reversible Computer Desk with File Drawer & 2 Monitor Stands, Corner Home Office Desk with Storage Shelves for Gaming Writing"
"30. Nightstand with Charging Station,Rattan Night Stand with Solid Wood Legs, Bedside Table with USB Ports & Outlets Bed Side Table,End Table for Bedroom,Living Room(Nature Wood Color)",$49.99 ,Furniture,4.4,"1,085","Nightstand with Charging Station,Rattan Night Stand with Solid Wood Legs, Bedside Table with USB Ports & Outlets Bed Side Table,End Table for Bedroom,Living Room(Nature Wood Color)"
"1. Amazon Basics Universal Smartphone Holder for Car Air Vent, Grey",$9.99 ,Cellphone Accessories,4.2,"5,684","Amazon Basics Universal Smartphone Holder for Car Air Vent, Grey"
"2. Suction Cup Mirror Phone Holder with Light, Travel Wall Phone Camera Mount for Makeup Content Creator Essentials, Mirror Tripod for Bathroom Kitchen Compatile with All Smooth Surface",$16.14 ,Cellphone Accessories,4.2,605,"Suction Cup Mirror Phone Holder with Light, Travel Wall Phone Camera Mount for Makeup Content Creator Essentials, Mirror Tripod for Bathroom Kitchen Compatile with All Smooth Surface"
"3. LISEN Retractable Car Charger [69W USB C Car Charger Adapter] iPhone 16 Car Charger Fast Charging, Gift for Men Women, Car Accessories USBC Car Charger for iPhone 16 15 14 13 12 Android, Gray",$15.99 ,Cellphone Accessories,4.6,"1,439","LISEN Retractable Car Charger [69W USB C Car Charger Adapter] iPhone 16 Car Charger Fast Charging, Gift for Men Women, Car Accessories USBC Car Charger for iPhone 16 15 14 13 12 Android, Gray"
"4. PopSockets Phone Grip Compatible with MagSafe, Adapter Ring for MagSafe Included, Phone Holder, Wireless Charging Compatible - Black",$19.99 ,Cellphone Accessories,4.5,"81,135","PopSockets Phone Grip Compatible with MagSafe, Adapter Ring for MagSafe Included, Phone Holder, Wireless Charging Compatible - Black"
5. VANMASS 【65+LBS Strongest Suction & Military-Grade 2024 Ultimate Car Phone Mount【Patent & Safety Certs】 Cell Phone Holder Truck Stand for Dashboard Windshield Vent for iPhone 16 15 Pro Max 14 Samsung,$16.98 ,Cellphone Accessories,4.4,"53,664",VANMASS 【65+LBS Strongest Suction & Military-Grade 2024 Ultimate Car Phone Mount【Patent & Safety Certs】 Cell Phone Holder Truck Stand for Dashboard Windshield Vent for iPhone 16 15 Pro Max 14 Samsung
6. 4Pcs Cute Phone Charms Y2K Pink Cell Phone Charms for Case Kawaii Car Phone Charm Kit Black Charms for Phone Blue Phone Keychain Charm Aesthetic Accessories for Phone Bag Airpods Camera Pendant,$19.99 ,Cellphone Accessories,5,5,4Pcs Cute Phone Charms Y2K Pink Cell Phone Charms for Case Kawaii Car Phone Charm Kit Black Charms for Phone Blue Phone Keychain Charm Aesthetic Accessories for Phone Bag Airpods Camera Pendant
7. Car Phone Holder for 2025 Honda Civic Accessories 2022 2023 2024 Dash Mount Cell Phone Holder for Metal Ball Adapter Stand for Most Smartphones(9inch Screen Only),$14.99 ,Cellphone Accessories,5,3,Car Phone Holder for 2025 Honda Civic Accessories 2022 2023 2024 Dash Mount Cell Phone Holder for Metal Ball Adapter Stand for Most Smartphones(9inch Screen Only)
"8. Lamicall Cell Phone Stand, Desk Accessories - Rose Gold Office Cell Phone Holder, Phone Stand for Desk, Desktop, Office Desk Accessories, Desk Decor for Women, Suitable for iPhone, 4-8'' Phone",$29.99 ,Cellphone Accessories,4.8,"26,558","Lamicall Cell Phone Stand, Desk Accessories - Rose Gold Office Cell Phone Holder, Phone Stand for Desk, Desktop, Office Desk Accessories, Desk Decor for Women, Suitable for iPhone, 4-8'' Phone"
"9. Lamicall Cell Phone Stand, Phone Dock : Cradle, Holder, Stand, Compatible with Phone 12 Mini 11 Pro Xs Xs Max Xr X 8 7 6 6s Plus 5 5s 5c All Android Smartphone Charging, Accessories Desk - Red",$24.64 ,Cellphone Accessories,4.7,"100,160","Lamicall Cell Phone Stand, Phone Dock : Cradle, Holder, Stand, Compatible with Phone 12 Mini 11 Pro Xs Xs Max Xr X 8 7 6 6s Plus 5 5s 5c All Android Smartphone Charging, Accessories Desk - Red"
"10. Lamicall Magnetic Phone Ring Holder for MagSafe, [Flexible 360° Rotation] Magnet Finger Ring Grip Stand Holder, Fit for iPhone 16 15 14 13 12, Pro, Pro Max, Plus, Mag Safe Accessories, Misty Black",$39.99 ,Cellphone Accessories,4.2,"8,231","Lamicall Magnetic Phone Ring Holder for MagSafe, [Flexible 360° Rotation] Magnet Finger Ring Grip Stand Holder, Fit for iPhone 16 15 14 13 12, Pro, Pro Max, Plus, Mag Safe Accessories, Misty Black"
"11. Kaptron Phone Tether Tab for iPhone - Heavy Duty Stainless Steel Metal Phone Tether Tabs, Phone Strap Replacement Part",$7.64 ,Cellphone Accessories,4.4,26,"Kaptron Phone Tether Tab for iPhone - Heavy Duty Stainless Steel Metal Phone Tether Tabs, Phone Strap Replacement Part"
"12. LCGENS USB C Wall Charger Block 20W, 2-Pack Dual Port PD Power Delivery Fast Type C Charging Block Plug Compatible with iPhone 11/12/13/14/15/Pro Max, XS/XR/X, Ipad Pro, Samsung Galaxy",$8.99 ,Cellphone Accessories,4.6,"21,403","LCGENS USB C Wall Charger Block 20W, 2-Pack Dual Port PD Power Delivery Fast Type C Charging Block Plug Compatible with iPhone 11/12/13/14/15/Pro Max, XS/XR/X, Ipad Pro, Samsung Galaxy"
"13. Phone Lanyard Crossbody Wrist Strap, Black Cell Phone Lanyards for around the Neck Wristlet Adjustable Phone Strap, Lanyard for Keys Case ID Badges Phone Accessories",$22.39 ,Cellphone Accessories,4.4,"1,011","Phone Lanyard Crossbody Wrist Strap, Black Cell Phone Lanyards for around the Neck Wristlet Adjustable Phone Strap, Lanyard for Keys Case ID Badges Phone Accessories"
"14. INIU Wireless Charger, 15W Fast Qi-Certified Wireless Charging Station with Sleep-Friendly Adaptive Light Compatible with iPhone 16 15 14 13 Pro XS 8 Plus Samsung Galaxy S23 S22 S21 Note 20 Google etc",$27.99 ,Cellphone Accessories,4.3,"30,966","INIU Wireless Charger, 15W Fast Qi-Certified Wireless Charging Station with Sleep-Friendly Adaptive Light Compatible with iPhone 16 15 14 13 Pro XS 8 Plus Samsung Galaxy S23 S22 S21 Note 20 Google etc"
"15. A2C Magnetic Phone Holder, Height Adjustable Cell Phone Stand for Desk, Portable Desk Accessory for iPhone & All Smartphones - Gray",$9.99 ,Cellphone Accessories,3.1,5,"A2C Magnetic Phone Holder, Height Adjustable Cell Phone Stand for Desk, Portable Desk Accessory for iPhone & All Smartphones - Gray"
"16. Miracase Phone Holders for Your Car with Newest Metal Hook Clip, Air Vent Cell Phone Car Mount, Universal Automobile Cradle Fit for iPhone Android and All Smartphones, Dark Black",$11.99 ,Cellphone Accessories,4.3,"29,954","Miracase Phone Holders for Your Car with Newest Metal Hook Clip, Air Vent Cell Phone Car Mount, Universal Automobile Cradle Fit for iPhone Android and All Smartphones, Dark Black"
17. Qifutan Car Phone Holder Mount Phone Mount for Car Windshield Dashboard Air Vent Universal Hands Free Automobile Cell Phone Holder Fit for iPhone Smartphone Carbon Fiber,$7.48 ,Cellphone Accessories,4.3,"17,865",Qifutan Car Phone Holder Mount Phone Mount for Car Windshield Dashboard Air Vent Universal Hands Free Automobile Cell Phone Holder Fit for iPhone Smartphone Carbon Fiber
18. iPhone Charger Fast Charging【MFi Certified】 2Pack 20W PD USB C Wall Charger 6&10FT Cable Fasting Charging Adapter Compatible with iPhone 14Pro/13 Pro/12/12 Pro Max/11 Pro Max/XS Max/XS/XR/X/8 and More,$9.99 ,Cellphone Accessories,4.5,"3,238",iPhone Charger Fast Charging【MFi Certified】 2Pack 20W PD USB C Wall Charger 6&10FT Cable Fasting Charging Adapter Compatible with iPhone 14Pro/13 Pro/12/12 Pro Max/11 Pro Max/XS Max/XS/XR/X/8 and More
"19. CACOE Phone Lanyard 2 Pack-2× Adjustable Neck Strap,2× Phone Patches,Universal Cell Phone Multifuctional Patch Lanyards Compatible with Most Smartphones(Black+Gray)",$12.99 ,Cellphone Accessories,4.3,"4,859","CACOE Phone Lanyard 2 Pack-2× Adjustable Neck Strap,2× Phone Patches,Universal Cell Phone Multifuctional Patch Lanyards Compatible with Most Smartphones(Black+Gray)"
"20. Phone Lanyard Crossbody Wrist Strap, Black Cell Phone Lanyards for around the Neck Wristlet Adjustable Phone Strap, Lanyard for Keys Case ID Badges Phone Accessories",$19.99 ,Cellphone Accessories,4.4,"1,011","Phone Lanyard Crossbody Wrist Strap, Black Cell Phone Lanyards for around the Neck Wristlet Adjustable Phone Strap, Lanyard for Keys Case ID Badges Phone Accessories"
"21. Nulaxy Dual Folding Cell Phone Stand, Fully Adjustable Foldable Desktop Phone Holder Cradle Dock Compatible with Phone 16 15 14 13 12 11 Pro Xs Xs Max Xr X 8, Nintendo Switch, All Phones",$8.97 ,Cellphone Accessories,4.7,"53,041","Nulaxy Dual Folding Cell Phone Stand, Fully Adjustable Foldable Desktop Phone Holder Cradle Dock Compatible with Phone 16 15 14 13 12 11 Pro Xs Xs Max Xr X 8, Nintendo Switch, All Phones"
"22. iOttie Easy One Touch 6 Universal Car Mount Dashboard & Windshield Suction Cup Phone Holder for iPhone Samsung, Google, All Smartphones",$8.49 ,Cellphone Accessories,4.4,"137,129","iOttie Easy One Touch 6 Universal Car Mount Dashboard & Windshield Suction Cup Phone Holder for iPhone Samsung, Google, All Smartphones"
"23. LISEN Cell Phone Stand Adjustable Phone Holer for Desk, Computer Office Desk Accessories for iPhone 16 Holder Women Kitchen Essentials Fits All Mobile Phones Switch Kindle iPads Tablet 4-10in",$4.25 ,Cellphone Accessories,4.5,"66,389","LISEN Cell Phone Stand Adjustable Phone Holer for Desk, Computer Office Desk Accessories for iPhone 16 Holder Women Kitchen Essentials Fits All Mobile Phones Switch Kindle iPads Tablet 4-10in"
"24. LISEN for iPhone 16 MagSafe Car Mount, [Quick Install] Ultra Magnetic Long Arm Mag Safe Car Phone Holder Vent, Car Accessories Fit for iPhone 16 Pro Max 15 14 13 12 Plus Mini Men Women, Black",$9.99 ,Cellphone Accessories,4.4,"11,195","LISEN for iPhone 16 MagSafe Car Mount, [Quick Install] Ultra Magnetic Long Arm Mag Safe Car Phone Holder Vent, Car Accessories Fit for iPhone 16 Pro Max 15 14 13 12 Plus Mini Men Women, Black"
"25. Cell Phone Ring Holder, Finger Ring Stand, 360 Degree Rotation Finger Ring Kickstand, Metal Grip for Magnetic Car Mount Compatible with Smartphones Accessories,Dream Green",$6.39 ,Cellphone Accessories,4.5,72,"Cell Phone Ring Holder, Finger Ring Stand, 360 Degree Rotation Finger Ring Kickstand, Metal Grip for Magnetic Car Mount Compatible with Smartphones Accessories,Dream Green"
"26. 3-in-1 Car Phone Holder [122+LBS Strongest Suction & Stable Clamp Arm] 360° Adjustable Car Phone Mount, Cell Phone Holders for Your Car for Dashboard Windshield Vent, All Smartphones & All Car Models",$13.99 ,Cellphone Accessories,4.4,"12,351","3-in-1 Car Phone Holder [122+LBS Strongest Suction & Stable Clamp Arm] 360° Adjustable Car Phone Mount, Cell Phone Holders for Your Car for Dashboard Windshield Vent, All Smartphones & All Car Models"
27. iPhone Charger 3Pack 10FT Apple MFi Certified Lightning Cable Fast Charging iPhone Charger Cord Compatible with iPhone 14 13 12 11 Pro Max XR XS X 8 7 6 Plus SE and More - Colorful,$18.34 ,Cellphone Accessories,4.3,"3,390",iPhone Charger 3Pack 10FT Apple MFi Certified Lightning Cable Fast Charging iPhone Charger Cord Compatible with iPhone 14 13 12 11 Pro Max XR XS X 8 7 6 Plus SE and More - Colorful
28. [True Military-Grade] Car Phone Holder VANMASS [2024 Strongest Suction & Clip] Cell Phone Mount for Dashboard Windshield Vent Truck Accessories Cradle Dash Stand for iPhone 16 Pro Max 15 14 13 Android,$19.99 ,Cellphone Accessories,4.4,"13,115",[True Military-Grade] Car Phone Holder VANMASS [2024 Strongest Suction & Clip] Cell Phone Mount for Dashboard Windshield Vent Truck Accessories Cradle Dash Stand for iPhone 16 Pro Max 15 14 13 Android
"29. AINOPE USB C Cable [2-Pack, 6.6ft] 3.1A Type C Charger Fast Charging, Right Angle USB to USB C Cable Braided USBC Charger for Galaxy S10+ S10 S9, Note 10 9, LG V30, Moto, iPhone 16 15 Charger Cord",$15.99 ,Cellphone Accessories,4.7,"115,936","AINOPE USB C Cable [2-Pack, 6.6ft] 3.1A Type C Charger Fast Charging, Right Angle USB to USB C Cable Braided USBC Charger for Galaxy S10+ S10 S9, Note 10 9, LG V30, Moto, iPhone 16 15 Charger Cord"
"30. SHANSHUI Phone Tether Pad, 2 Pack Tether Tab Patches for Phone Lanyard Compatible with iPhone & All Smartphones",$11.59 ,Cellphone Accessories,4.3,101,"SHANSHUI Phone Tether Pad, 2 Pack Tether Tab Patches for Phone Lanyard Compatible with iPhone & All Smartphones"
1. Price and other details may vary based on product size and color.,$39.99 ,Sports,4.4,980,Price and other details may vary based on product size and color.
"2. Push Up Board,Home Gym,Portable Exercise Equipment,Pilates Bar & 20 Fitness Accessories with Resistance Bands & Ab Roller Wheel,Full Body Workout at Home.",$89.99 ,Sports,4.3,17,"Push Up Board,Home Gym,Portable Exercise Equipment,Pilates Bar & 20 Fitness Accessories with Resistance Bands & Ab Roller Wheel,Full Body Workout at Home."
3. Great Sports Minds Athlete Journal: THINK. BELIEVE. ACHIEVE.,$18.99 ,Sports,4.1,"1,947",Great Sports Minds Athlete Journal: THINK. BELIEVE. ACHIEVE.
"4. Dec 25, 2020",$23.44 ,Sports,4.7,551,25-Dec-20
"5. Hover Hockey Set for Kids, 3-in-1 Hover Hockey Soccer Ball Toy Set, Rechargeable Floating Air Soccer Hockey Ball with Led Light, Indoor Outdoor Sports Game Toy Gifts for 3 4 5 6 7 8+ 12 Years Boy Girl",$31.99 ,Sports,4.5,93,"Hover Hockey Set for Kids, 3-in-1 Hover Hockey Soccer Ball Toy Set, Rechargeable Floating Air Soccer Hockey Ball with Led Light, Indoor Outdoor Sports Game Toy Gifts for 3 4 5 6 7 8+ 12 Years Boy Girl"
"6. Nerf Mini Foam Sports Ball Set - Foam Football, Soccer Ball + Basketball Set Soft Foam Sports Set for Kids",$15.19 ,Sports,4.4,"9,342","Nerf Mini Foam Sports Ball Set - Foam Football, Soccer Ball + Basketball Set Soft Foam Sports Set for Kids"
7. Mini Basketball Hoop Indoor with 7 Colors LED Lights | Over The Door Basketball Hoop with Scorer and Batteries | Door Basketball Hoop for Room Toy Basketball Set for Boys Girls Teens Adults,$19.99 ,Sports,4.2,14,Mini Basketball Hoop Indoor with 7 Colors LED Lights | Over The Door Basketball Hoop with Scorer and Batteries | Door Basketball Hoop for Room Toy Basketball Set for Boys Girls Teens Adults
"8. GoSports Slammo Game Set (Includes 3 Balls, Carrying Case and Rules) - Outdoor Lawn, Beach & Tailgating Roundnet Game for Kids, Teens & Adults",$26.99 ,Sports,4.1,"1,634","GoSports Slammo Game Set (Includes 3 Balls, Carrying Case and Rules) - Outdoor Lawn, Beach & Tailgating Roundnet Game for Kids, Teens & Adults"
9. Hello Kitty Soccer Sports Athlete Tee Shirt T-Shirt,$39.99 ,Sports,4.6,"16,035",Hello Kitty Soccer Sports Athlete Tee Shirt T-Shirt
10. Franklin Sports Kids Football Target Toss Game - Inflatable Football Throwing Target Toy with Soft Mini Footballs - Fun Kids Football Toy Toss Game - Inflatable Indoor + Outdoor Sports Game,$29.74 ,Sports,4.8,"8,790",Franklin Sports Kids Football Target Toss Game - Inflatable Football Throwing Target Toy with Soft Mini Footballs - Fun Kids Football Toy Toss Game - Inflatable Indoor + Outdoor Sports Game
"11. Champion Men's Sport Shorts, Moisture Wicking, Athletic Shorts, Gym Shorts (Reg. Or Big & Tall)",$34.99 ,Sports,4.6,"23,946","Champion Men's Sport Shorts, Moisture Wicking, Athletic Shorts, Gym Shorts (Reg. Or Big & Tall)"
12. NERF Vortex Aero Howler Foam Football - NERF Soft Vortex Football for Long-Distance Throws - Perfect for Pool + Beach Football - Kids Aero Howler Whistle Vortex Foam Ball - Red,$13.99 ,Sports,4.5,5,NERF Vortex Aero Howler Foam Football - NERF Soft Vortex Football for Long-Distance Throws - Perfect for Pool + Beach Football - Kids Aero Howler Whistle Vortex Foam Ball - Red
"13. Under Armour Half Gallon Water Bottle Insulated, 64oz Insulated Water Bottle with Handle, Sports Water Jug, Fence Hook, Leak Resistant, for Baseball, Football & More",$19.99 ,Sports,4.2,637,"Under Armour Half Gallon Water Bottle Insulated, 64oz Insulated Water Bottle with Handle, Sports Water Jug, Fence Hook, Leak Resistant, for Baseball, Football & More"
"14. Football Games Kids Toys Outdoor Sports Toddler Toys, Gifts for Ages 5-13 Years Old, Backyard, Lawn, Beach, Camping, Family Party Fun Activities",$22.87 ,Sports,4.5,"1,581","Football Games Kids Toys Outdoor Sports Toddler Toys, Gifts for Ages 5-13 Years Old, Backyard, Lawn, Beach, Camping, Family Party Fun Activities"
"15. 2 Pack Bow and Arrow for Kids, LED Light Up Archery Set with 24 Suction Cup Arrows, 1 Standing Target, 6 Score Targets & 2 Quiver, Indoor Outdoor Sport Gifts for Boys Girls Ages 4-12",$29.99 ,Sports,3.9,"2,294","2 Pack Bow and Arrow for Kids, LED Light Up Archery Set with 24 Suction Cup Arrows, 1 Standing Target, 6 Score Targets & 2 Quiver, Indoor Outdoor Sport Gifts for Boys Girls Ages 4-12"
"16. Owala FreeSip Insulated Stainless Steel Water Bottle with Straw for Sports, Travel, and School BPA-Free Sports Water Bottle, 24 oz, Camo Cool",$11.25 ,Sports,4.4,60,"Owala FreeSip Insulated Stainless Steel Water Bottle with Straw for Sports, Travel, and School BPA-Free Sports Water Bottle, 24 oz, Camo Cool"
"17. Original with App, Used by Celebrities - MMA Gear Boxing Ball - Boxing Reflex Ball with Adjustable Strap - Interactive Boxball App Integration - 1 Pack",$25.00 ,Sports,4.7,"1,571","Original with App, Used by Celebrities - MMA Gear Boxing Ball - Boxing Reflex Ball with Adjustable Strap - Interactive Boxball App Integration - 1 Pack"
18. Scholastic Year in Sports 2024,$9.89 ,Sports,4.4,"42,592",Scholastic Year in Sports 2024
"19. Jan 2, 2024",$11.99 ,Sports,4.6,436,2-Jan-24
"20. Sports Research Creatine Monohydrate - Gain Lean Muscle, Improve Performance and Strength and Support Workout Recovery - 5 g Micronized Creatine - 1.1LBS",$17.50 ,Sports,4.4,"62,867","Sports Research Creatine Monohydrate - Gain Lean Muscle, Improve Performance and Strength and Support Workout Recovery - 5 g Micronized Creatine - 1.1LBS"
"21. RUNNING GIRL Sports Bra for Women, Criss-Cross Back Padded Strappy Sports Bras Medium Support Yoga Bra with Removable Cups",$24.99 ,Sports,4.7,"1,638","RUNNING GIRL Sports Bra for Women, Criss-Cross Back Padded Strappy Sports Bras Medium Support Yoga Bra with Removable Cups"
22. Riddell 32 Piece NFL Helmet Tracker Set - Gumball Size Helmets - All NFL Current Logo's - New 2023 Set,$36.99 ,Sports,4.7,3,Riddell 32 Piece NFL Helmet Tracker Set - Gumball Size Helmets - All NFL Current Logo's - New 2023 Set
23. Price and other details may vary based on product size and color.,$67.80 ,Sports,4.4,"2,224",Price and other details may vary based on product size and color.
"24. Gogogo Sport Vpro Green Hunting Rangefinder -1200 Yards Laser Range Finder for Hunting and Golf with Speed, Slope, Scan and Normal Measurements, Rechargeable",$99.99 ,Sports,4.1,747,"Gogogo Sport Vpro Green Hunting Rangefinder -1200 Yards Laser Range Finder for Hunting and Golf with Speed, Slope, Scan and Normal Measurements, Rechargeable"
"25. Aneco Toss and Catch Paddle Game Set Disc Paddles and Toss Ball Sport Game with Storage Bag, 6 Paddles and 6 Balls",$13.59 ,Sports,4.8,"33,615","Aneco Toss and Catch Paddle Game Set Disc Paddles and Toss Ball Sport Game with Storage Bag, 6 Paddles and 6 Balls"
"26. adidas Alliance Sackpack (12L) Lightweight Athletic Small Drawstring Team Sports Workout Bag, Sandy Pink/White, One Size",$16.99 ,Sports,4.5,"21,141","adidas Alliance Sackpack (12L) Lightweight Athletic Small Drawstring Team Sports Workout Bag, Sandy Pink/White, One Size"
27. Under Armour Men's Tech 2.0 Short-Sleeve T-Shirt,$18.80 ,Sports,4.5,"6,118",Under Armour Men's Tech 2.0 Short-Sleeve T-Shirt
"28. Under Armour Squeeze Water Bottles, 32 oz Water Bottles, Sideline Sports Water Bottle with Quick-Shot Lid, Quick & Easy Hydration, Gym Water Bottles, Squeeze Bottle, 1 32oz Bottle",$20.00 ,Sports,4.3,41,"Under Armour Squeeze Water Bottles, 32 oz Water Bottles, Sideline Sports Water Bottle with Quick-Shot Lid, Quick & Easy Hydration, Gym Water Bottles, Squeeze Bottle, 1 32oz Bottle"
29. The Most Incredible Sports Stories Ever Told: Inspirational and Unforgettable Tales from the Greatest Athletes Ever,$14.30 ,Sports,4.1,"1,383",The Most Incredible Sports Stories Ever Told: Inspirational and Unforgettable Tales from the Greatest Athletes Ever
"30. Aug 28, 2024",$25.00 ,Sports,4.6,"6,748",28-Aug-24
