"Category","ProductName","Reviewer","Date","Title","Comment","StarRating","VerifiedPurchase"
"Watches","Fossil Minimalist Men's Watch with Leather or Stainless Steel Band","Lyndell dodsonAmazon Customer","Reviewed in the United States on October 4, 2024","5.0 out of 5 stars","I wear this watch everyday, and Love it.  Keeps perfect time .  I like the thin design that fits close to my wrist, and the leather band is very stylish and rugged. I also like the fact that the face will not scratch.",5,NA
"Watches","Fossil Minimalist Men's Watch with Leather or Stainless Steel Band","Luke","Reviewed in the United States on October 10, 2024","","Comfortable, stylish, lightweight watch. I get lots of compliments when I wear it!",5,NA
"Watches","Fossil Minimalist Men's Watch with Leather or Stainless Steel Band","Sidney","Reviewed in the United States on August 24, 2024","Reliable watch","I got this for my husband‚Äôs birthday and it is so much better than I could have hoped for. Amazing leather band, great quality metal and beautiful blue.",5,NA
"Watches","Fossil Minimalist Men's Watch with Leather or Stainless Steel Band","Alyssa retes","Reviewed in the United States on February 13, 2024","5.0 out of 5 stars","It was too big. My boyfriend had to take out a couple links to make it fit. It's also easy to bump the button that changes time so he accidentally changes the time on it often. Aside from that it's a very nice classy watch. Great for dressing up.",4,NA
"Watches","Fossil Minimalist Men's Watch with Leather or Stainless Steel Band","Scott E.","Reviewed in the United States on August 31, 2024","","Stylish. Doesn‚Äôt look cheap. I definitely recommend if you‚Äôre looking for a watch in this price range.",5,NA
"Watches","Fossil Minimalist Men's Watch with Leather or Stainless Steel Band","Kaori G√≥mez Nakahara","Reviewed in the United States on October 18, 2024","Fossil leather watch","Very good watch",5,NA
"Watches","Fossil Minimalist Men's Watch with Leather or Stainless Steel Band","JAVIER982","Reviewed in the United States on November 29, 2024","5.0 out of 5 stars","Loved the item, very classy, great for everyday use, light weigh and slim, glow in the dark. It is a very very nice watch to own for a very good price.",5,NA
"Watches","Fossil Minimalist Men's Watch with Leather or Stainless Steel Band","Elizabeth Ramsdell","Reviewed in the United States on November 15, 2024","","I bought this for Father‚Äôs Day and it was well liked. The blue color on the face of the watch really pops and is very light weight.",5,NA
"Watches","Fossil Minimalist Men's Watch with Leather or Stainless Steel Band","marcelo","Reviewed in Mexico on November 23, 2024","Beautiful watch!!!","Elegante, minimalista, adecuado en la calidad precio",5,NA
"Watches","Fossil Minimalist Men's Watch with Leather or Stainless Steel Band","Rosi","Reviewed in Mexico on July 12, 2024","4.0 out of 5 stars","",5,NA
"Watches","Fossil Minimalist Men's Watch with Leather or Stainless Steel Band","Travis Brown","Reviewed in Canada on April 21, 2024","","A mi esposo le encant√≥ el reloj.La caja met√°lica verde en la que viene est√° muy retroPadr√≠sima.",5,NA
"Watches","Fossil Minimalist Men's Watch with Leather or Stainless Steel Band","Arshie","Reviewed in Canada on February 17, 2024","Nice, but too big.","",5,NA
"Watches","Fossil Minimalist Men's Watch with Leather or Stainless Steel Band","Mariana Mend√≠vil","Reviewed in Mexico on August 3, 2023","5.0 out of 5 stars","Ordered it used, came still plastic wrapped and brand new. Works well and love the minimalist design of black on black.",5,NA
"Watches","Fossil Minimalist Men's Watch with Leather or Stainless Steel Band","Lyndell dodsonAmazon Customer","Reviewed in the United States on October 4, 2024","","Amazing watch , looks stylish, nice packaging",5,NA
"Watches","Fossil Minimalist Men's Watch with Leather or Stainless Steel Band","Luke","Reviewed in the United States on October 10, 2024","Great for the price","Fue un regalo, le√≠ muchos comentarios acerca de la correa, sin embargo, hasta la fecha todo sigue en orden, lo compre en febrero del 2023. Un reloj muy bonito sin duda. Mi √∫nica queja es el embalaje del env√≠o, lleg√≥ en una bolsa y el reloj fuera de su estuche.",5,NA
"Watches","Fossil Minimalist Men's Watch with Leather or Stainless Steel Band","Sidney","Reviewed in the United States on August 24, 2024","5.0 out of 5 stars","",5,NA
"Watches","Fossil Minimalist Men's Watch with Leather or Stainless Steel Band","Alyssa retes","Reviewed in the United States on February 13, 2024","","I wear this watch everyday, and Love it.  Keeps perfect time .  I like the thin design that fits close to my wrist, and the leather band is very stylish and rugged. I also like the fact that the face will not scratch.",4,NA
"Watches","Fossil Minimalist Men's Watch with Leather or Stainless Steel Band","Scott E.","Reviewed in the United States on August 31, 2024","Good","Comfortable, stylish, lightweight watch. I get lots of compliments when I wear it!",5,NA
"Watches","Fossil Minimalist Men's Watch with Leather or Stainless Steel Band","Kaori G√≥mez Nakahara","Reviewed in the United States on October 18, 2024","5.0 out of 5 stars","I got this for my husband‚Äôs birthday and it is so much better than I could have hoped for. Amazing leather band, great quality metal and beautiful blue.",5,NA
"Watches","Fossil Minimalist Men's Watch with Leather or Stainless Steel Band","JAVIER982","Reviewed in the United States on November 29, 2024","","It was too big. My boyfriend had to take out a couple links to make it fit. It's also easy to bump the button that changes time so he accidentally changes the time on it often. Aside from that it's a very nice classy watch. Great for dressing up.",5,NA
"Watches","Fossil Nate Men's Watch with Oversized Chronograph Watch Dial and Stainless Steel or Leather Band","Rohan P","Reviewed in the United States on November 25, 2024","5.0 out of 5 stars","The Fossil Nate Men's Watch is an impressive blend of rugged military-inspired aesthetics and reliable functionality. The oversized 50mm case makes a bold statement, and the matte black stainless steel paired with the black leather strap gives it a versatile, polished look that works well for both casual outings and dressier occasions.The chronograph features are easy to use, with subdials for tracking minutes, seconds, and 24-hour time, and the stopwatch adds a practical touch. The hardened mineral crystal lens holds up well against scratches, and the quartz movement keeps accurate time.The leather strap is comfortable and adjustable, though it might feel stiff initially‚Äîit softens up nicely after a few wears. I also appreciate that it‚Äôs interchangeable with other 24mm Fossil straps for added customization.Water resistance at 5 ATM is good for day-to-day activities, but it‚Äôs not meant for serious water sports, so keep that in mind.Overall, this watch delivers on both style and performance, and for its price, it‚Äôs a fantastic value. I‚Äôve received multiple compliments on it already‚Äîdefinitely worth the purchase!",5,NA
"Watches","Fossil Nate Men's Watch with Oversized Chronograph Watch Dial and Stainless Steel or Leather Band","Amazon Customer","Reviewed in the United States on November 25, 2024","","Very nice time piece. Great look and feel. The Band is a bit stiff and will take time to break in. Really nice look to the dial and beautiful smokey color to it.",5,NA
"Watches","Fossil Nate Men's Watch with Oversized Chronograph Watch Dial and Stainless Steel or Leather Band","Fred M","Reviewed in the United States on September 15, 2024","Stylish, Rugged, and Functional‚ÄîA Watch That Commands Attention!","This watch is very stylish. It‚Äôs quite heavy and solid. The weight gives one a feeling of durability. Set was intuitive and easy. I did remove one link in the band to better fit my wrist.The three smaller dials are 24-hour military time keeper, a seconds-based stopwatch, as well as a minutes-based stopwatch. The center stem sets time and date, the top button starts/stops the stopwatches. The bottom button resets the stopwatches.I do worry that the black finish may chip easily.",5,NA
"Watches","Fossil Nate Men's Watch with Oversized Chronograph Watch Dial and Stainless Steel or Leather Band","Fred M","Reviewed in the United States on November 28, 2024","5.0 out of 5 stars","This watch is absolutely amazing! I purchased this for my husband for Xmas and im anxious for him to see it! It works very well and shines like no other.The delivery person seemed to have just tossed it or something because I opened the bag it came in and everything was all over the place. Fortunately nothing was damaged! I understand the holidays are a busy time but please handle our purchases with care!",5,NA
"Watches","Fossil Nate Men's Watch with Oversized Chronograph Watch Dial and Stainless Steel or Leather Band","Elisa R Jung","Reviewed in the United States on September 6, 2024","","After 5 months the watch fogs up inside when I wear it. I contacted Fossil for a warranty claim. They said they would repair the watch for $ 33.51. That‚Äôs almost half of what I paid for the watch. The watch isn‚Äôt worth it. I won‚Äôt buy another Fossil watch.Follow up 9/27/24.  Fossil did repair my watch at zero cost to me. My faith has been restored in Fossil watches. I do love this watch. It is big. Looks good on my 8.75‚Äù wrist.",4,NA
"Watches","Fossil Nate Men's Watch with Oversized Chronograph Watch Dial and Stainless Steel or Leather Band","Chris R.","Reviewed in the United States on October 22, 2024","Really nice watch.","the box was a little bit bent but the watch was intact. the quality is very good but little big if you have a small wrist. very happy with it",5,NA
"Watches","Fossil Nate Men's Watch with Oversized Chronograph Watch Dial and Stainless Steel or Leather Band","Chris R.","Reviewed in the United States on November 1, 2024","5.0 out of 5 stars","Thanks!!! Very beautiful",5,NA
"Watches","Fossil Nate Men's Watch with Oversized Chronograph Watch Dial and Stainless Steel or Leather Band","Coco","Reviewed in the United States on October 9, 2024","","This is a great watch..I'm wearing it as I type this review. The only downside to it is you're screwed if you're in the dark because there are no luminous hands and markers which I really can't understand why such a prestigious brand of watch don't have that but all in all its very sturdy and feels expensive, of  which is the actual case.",5,NA
"Watches","Fossil Nate Men's Watch with Oversized Chronograph Watch Dial and Stainless Steel or Leather Band","Daniel Blanco","Reviewed in Brazil on November 2, 2024","Great Watch at This Price Point","Rel√≥gio lindo, acabamento perfeito. S√≥ pecam na embalagem, vem a caixa dentro de um saco de pl√°stico. Acabou amassando a caixa que ele veio, que √© de lata. E observei que essa √© uma reclama√ß√£o de muitos compradores.",5,NA
"Watches","Fossil Nate Men's Watch with Oversized Chronograph Watch Dial and Stainless Steel or Leather Band","Seikou Phillip","Reviewed in Mexico on September 30, 2024","4.0 out of 5 stars","",4,NA
"Watches","Fossil Nate Men's Watch with Oversized Chronograph Watch Dial and Stainless Steel or Leather Band","Jackson F.","Reviewed in Mexico on October 11, 2024","","La verdad es un reloj muy bonito, de buen tama√±o, con un poco de peso, pero bastante resistente, accidentalmente lo golpee un par de veces con una puerta de metal y el cristal ni siquiera se ray√≥, estoy contento con la compra!",5,NA
"Watches","Fossil Nate Men's Watch with Oversized Chronograph Watch Dial and Stainless Steel or Leather Band","Lupe Herdez","Reviewed in Canada on June 23, 2024","Product is 5 stars! Delivery is 2 stars...","",5,NA
"Watches","Fossil Nate Men's Watch with Oversized Chronograph Watch Dial and Stainless Steel or Leather Band","Es un reloj que cumple con todas las caracter√≠sticas que marca esta genial","Reviewed in Mexico on April 13, 2024","5.0 out of 5 stars","Esta genial super su calidad",5,NA
"Watches","Fossil Nate Men's Watch with Oversized Chronograph Watch Dial and Stainless Steel or Leather Band","Darryl Glasson","Reviewed in the United States on November 25, 2024","","",5,NA
"Watches","Fossil Nate Men's Watch with Oversized Chronograph Watch Dial and Stainless Steel or Leather Band","Juls","Reviewed in the United States on November 25, 2024","Warranty is good,","This watch has a very nice look and it‚Äôs very solid.",5,NA
"Watches","Fossil Nate Men's Watch with Oversized Chronograph Watch Dial and Stainless Steel or Leather Band","Rohan P","Reviewed in the United States on September 15, 2024","5.0 out of 5 stars","Es un buen reloj y bonito, lo compre en oferta, buen costo beneficio",5,NA
"Watches","Fossil Nate Men's Watch with Oversized Chronograph Watch Dial and Stainless Steel or Leather Band","Amazon Customer","Reviewed in the United States on November 28, 2024","","",5,NA
"Watches","Fossil Nate Men's Watch with Oversized Chronograph Watch Dial and Stainless Steel or Leather Band","Fred M","Reviewed in the United States on September 6, 2024","very good product","The Fossil Nate Men's Watch is an impressive blend of rugged military-inspired aesthetics and reliable functionality. The oversized 50mm case makes a bold statement, and the matte black stainless steel paired with the black leather strap gives it a versatile, polished look that works well for both casual outings and dressier occasions.The chronograph features are easy to use, with subdials for tracking minutes, seconds, and 24-hour time, and the stopwatch adds a practical touch. The hardened mineral crystal lens holds up well against scratches, and the quartz movement keeps accurate time.The leather strap is comfortable and adjustable, though it might feel stiff initially‚Äîit softens up nicely after a few wears. I also appreciate that it‚Äôs interchangeable with other 24mm Fossil straps for added customization.Water resistance at 5 ATM is good for day-to-day activities, but it‚Äôs not meant for serious water sports, so keep that in mind.Overall, this watch delivers on both style and performance, and for its price, it‚Äôs a fantastic value. I‚Äôve received multiple compliments on it already‚Äîdefinitely worth the purchase!",5,NA
"Watches","Fossil Nate Men's Watch with Oversized Chronograph Watch Dial and Stainless Steel or Leather Band","Fred M","Reviewed in the United States on October 22, 2024","5.0 out of 5 stars","Very nice time piece. Great look and feel. The Band is a bit stiff and will take time to break in. Really nice look to the dial and beautiful smokey color to it.",5,NA
"Watches","Fossil Nate Men's Watch with Oversized Chronograph Watch Dial and Stainless Steel or Leather Band","Elisa R Jung","Reviewed in the United States on November 1, 2024","","This watch is very stylish. It‚Äôs quite heavy and solid. The weight gives one a feeling of durability. Set was intuitive and easy. I did remove one link in the band to better fit my wrist.The three smaller dials are 24-hour military time keeper, a seconds-based stopwatch, as well as a minutes-based stopwatch. The center stem sets time and date, the top button starts/stops the stopwatches. The bottom button resets the stopwatches.I do worry that the black finish may chip easily.",4,NA
"Watches","Timex Men's Easy Reader Watch","Rod Norman","Reviewed in the United States on November 22, 2024","5.0 out of 5 stars","I used a Timex watch (with Indigo) everyday for about 15 years. The battery failed. I made a mistake in trying to replace the battery myself and broke the watch (I won't go into details). Amazon delivered the new watch the next day. The watch is easy to read the time, looks good, and a great price.",5,NA
"Watches","Timex Men's Easy Reader Watch","SLG","Reviewed in the United States on September 16, 2024","","As a nurse, I have worn a Timex like this for years!! I like the quality, the size of the watch face & basic black numbers, with black clock arms. The indiglo light is perfect for seeing time in the dark. The band is comfortable. As a female, the watch looks stylish enough. I used to buy the yellow gold but have now retired and my hair is whitish grey so my choice now is the silver trim and I will continue to buy the Timex easy read watches.",5,NA
"Watches","Timex Men's Easy Reader Watch","Jay Hughes","Reviewed in the United States on August 6, 2013","What a bargain","I've been looking for a casual watch for these past few months and this beauty is the one. I was lucky to come across this watch as I was just about to buy a $500 Citizen I had my eyes on from the last visit to the store. The saved money is real handy for a kid still in school. And I'm sure you've assumed already, I ended up buying the Timex Reader and I don't regret it.I already had an idea(a petty one) about what kind of watch I wanted. One with a leather strap, red second hand, simple ~40mm white face w/date, silver case. So it was awesome to find the Timex Reader. But after scrolling down the page and reading a few negative reviews about the absurd noise, pesky date setting and also the cheap price I was skeptical about the purchase. Whatever, I decided to just order it and see for myself.Here's my some information about the watch if you're considering buying it,The face:It's white, just like the picture. I only say this because other watches by Timex advertise online a white face but are actually a yellow-creamy hue.The Indiglo:It's the colour teal and it also doesn't entirely light up the face of the watch. There's about half a centimeter of unlit area at the top of the watch. Think of it like a nearly-filled fish tank. It's a feature I won't see myself using much, so I care little about the defect.The Band:It's not as brown as the picture would make you think. Some reviewers agree that it's a Maroon Red. When you actually zoom in on the image, you can see the red that I'm talking about. Just assume that it's reddish and not brown for expectations.The noise:I'm a student with a PC and a fan always running. So obviously this small watch won't over power the noise. With the watch up to my ear, of course I hear ticking but I personally find the repetitive sound soothing. Just a tip, apparently if you put the watch FACE down it some-what mutes the sound from what I read from some reviews.The time/date:What do you do when you get a watch? You set it's time. Right away, I was super frustrated with setting time and date with this watch like other reviewers. A little side story, I kept pulling and pulling the crown to get a certain time setting and the ENTIRE CROWN came out! It looked like a metal toothpick. I was confused about what the hell just happened and sorta like when you drop a vase and sweep it under the carpet, I immediately shoved the little guy back in the hole without much thought. I'm not very technical when it comes it watches which would explain why I'm sounding like a stooge.  Anyways, the watch still worked and I did end up figuring out how to set the time and it was a lot easier than I first thought. Throw away the instructions from the box and follow mine instructions below.How to set time:1. Set Day of Week (Thursday, Friday, etc.)Pull crown out and move it clockwise. If the time is being adjusted, you're doing it right. Keep turning it to get the right day of the week. For me I had to keep turning 3 full days, essentially 6 full 12 hour rotations.2. Set Date (1st, 4th, 29th, etc.)Pull crown out A LITTLE BIT. So little that there's barely a gap between it and the watch case. Then move the crown and you can set the date.3. Set Time (12:39, 1:04, etc.)Pull crown out normally just like when you set Day of Week and just set time as you would any other watch.By the way, when I say pull crown out, I don't mean entirely out of the watch like I did earlier. Once you pull out the crown and it seems it doesn't want to come out a centimeter more, then that's as far as it should go.Overall, great watch, great price, great buy.",5,NA
"Watches","Timex Men's Easy Reader Watch","merrckd","Reviewed in the United States on March 29, 2022","5.0 out of 5 stars","I got it for my 75 yr old dad who thinks my obsession with watches is weird, but I love finding high value per dollar in ultra affordable watches too. My dad is frugal and likes that in his gifts, but low price doesn't have to mean junk. Also, he finds digitals tacky (so all the good low-end Casios were a no go).I found this Timex, ""scratch & dent"" on Amazon for just shy of $20, it arrived with  the box all beat up, the leather strap was not attached, and there were no spring bars. Still, the watch and strap were in brand new shape. I keep spare spring bars and it was easy to pop the strap on. Strap is on the short side, if you have larger than a 7.5"" wrist, you'll probably need a different one (a NATO would work well on it, imo). Also, watch is old school size, 35mm, so it may seem small by today's standards.Highly legible day or night, it's got indiglo back light, even though that can wear on the battery if used a lot, it does look sharp in the dark, especially for this price point. Water resistant enough you don't have to worry about getting it wet, but I wouldn't go swimming or shower with it.Watch hit everything my dad likes, Timex has quality choices for a budget watch, and it was still fun for me to find. Timex is not a brand I normally look at, but dad loves it and seeing it in hand, I feel good about the purchase.I rate 4 stars because it is a lot of watch for $20-30 bucks. Though buyer beware with scratch & dent, if I didn't already have spare spring bars, I would have been irritated.",4,NA
"Watches","Timex Men's Easy Reader Watch","EFW","Reviewed in the United States on October 7, 2024","","I wanted an analog watch for a long time and I‚Äôm so glad that my first choice, this watch, met my needs and my expectations. I am a woman but I‚Äôm using a man‚Äôs watch. It is sturdy. It is easy to read. It works. People ask if it‚Äôs a smart watch and I said no, it‚Äôs an analog watch, but I‚Äôm smart to have bought  it.",5,NA
"Watches","Timex Men's Easy Reader Watch","EFW","Reviewed in the United States on November 19, 2024","Not just a man‚Äôs watch","This watch is very nice.  My husband has had a difficult time setting the date, however.",5,NA
"Watches","Timex Men's Easy Reader Watch","kslp","Reviewed in the United States on October 25, 2024","5.0 out of 5 stars","Easy to read.  Love the day and date.  Wear it every day.  Takes a lickin and keeps in tickin!",5,NA
"Watches","Timex Men's Easy Reader Watch","Susan Rosanelli","Reviewed in the United States on October 19, 2024","","This is my third one of these watches. I broke both of first two by dropping them on a tile floor. The first warch kept working but the back light did not. I use the back light a lot. The second one stopped working altogether. Now, if you change the battery yourself, that voids the warranty. If you take it to an authorized repair shop the cost is equal to the watch. The warranty is almost worthless.  But until i broke the watches they worked well and for a long time. So, i recommend this watch because it is inexpensive and works well. Just don't drop it.",5,NA
"Watches","Timex Men's Easy Reader Watch","T. W.","Reviewed in Canada on November 22, 2024","Reality vs. Fiction, What to believe","This is a great watch, very easy to read. Big clear typeface, the numbers are legible even with a quick glance. So nice to have the bonus of a 24 hour clock too. The indigo feature helps in the dark of night and seems to forever.  I really like the date feature too. I confess it took me a while to set this part up but once it‚Äôs done it‚Äôs really handy. The black watch band strap is 18 mm and soft comfy leather.  If I needed more than one watch I would buy this same one again. This is my third timed indiglo watch and I think it‚Äôs my favourite.",4,NA
"Watches","Timex Men's Easy Reader Watch","libworkers","Reviewed in Canada on October 13, 2024","4.0 out of 5 stars","At Wabakimi Outfitters I often HAVE to be up early and know the time in the dark. THs watch is affordable, easy to read night or day, good ""light-up"" in the dark, and eve attractive. Good buy.",5,NA
"Watches","Timex Men's Easy Reader Watch","wabakimi man","Reviewed in Mexico on August 12, 2024","","Lleg√≥ a tiempo y en excelentes condiciones. Es de muy buena calidad, elegante y se ve genial puesto.",5,NA
"Watches","Timex Men's Easy Reader Watch","Lizardo Yael N√∫√±ez √ç√±iguez","Reviewed in Mexico on April 10, 2024","Good economy watch","",5,NA
"Watches","Timex Men's Easy Reader Watch","Lizardo Yael N√∫√±ez √ç√±iguez","Reviewed in Brazil on December 30, 2023","5.0 out of 5 stars","Se lo compre a mi esposo, un reloj muy bonito y elegante, mi esposo lo usa para el trabajo, el bot√≥n para cambiar la hora tiene 2 niveles para cambiar la fecha",5,NA
"Watches","Timex Men's Easy Reader Watch","Ana S","Reviewed in the United States on November 22, 2024","","",5,NA
"Watches","Timex Men's Easy Reader Watch","L. H. de Santana","Reviewed in the United States on September 16, 2024","Great for the price","Gostei do produto. A pulseira na foto aparenta ser mais robusta, mas √© de boa qualidade. De fato, a caixa de 35mm √© bem pequena, mas pra mim, que tenho o pulso muito fino, √© perfeita. Tamb√©m a luz do rel√≥gio √© muito boa.",4,NA
"Watches","Timex Men's Easy Reader Watch","L. H. de Santana","Reviewed in the United States on August 6, 2013","5.0 out of 5 stars","",4,NA
"Watches","Timex Men's Easy Reader Watch","Rod Norman","Reviewed in the United States on March 29, 2022","","I used a Timex watch (with Indigo) everyday for about 15 years. The battery failed. I made a mistake in trying to replace the battery myself and broke the watch (I won't go into details). Amazon delivered the new watch the next day. The watch is easy to read the time, looks good, and a great price.",5,NA
"Watches","Timex Men's Easy Reader Watch","SLG","Reviewed in the United States on October 7, 2024","nice watch","As a nurse, I have worn a Timex like this for years!! I like the quality, the size of the watch face & basic black numbers, with black clock arms. The indiglo light is perfect for seeing time in the dark. The band is comfortable. As a female, the watch looks stylish enough. I used to buy the yellow gold but have now retired and my hair is whitish grey so my choice now is the silver trim and I will continue to buy the Timex easy read watches.",5,NA
"Watches","Timex Men's Easy Reader Watch","Jay Hughes","Reviewed in the United States on November 19, 2024","5.0 out of 5 stars","I've been looking for a casual watch for these past few months and this beauty is the one. I was lucky to come across this watch as I was just about to buy a $500 Citizen I had my eyes on from the last visit to the store. The saved money is real handy for a kid still in school. And I'm sure you've assumed already, I ended up buying the Timex Reader and I don't regret it.I already had an idea(a petty one) about what kind of watch I wanted. One with a leather strap, red second hand, simple ~40mm white face w/date, silver case. So it was awesome to find the Timex Reader. But after scrolling down the page and reading a few negative reviews about the absurd noise, pesky date setting and also the cheap price I was skeptical about the purchase. Whatever, I decided to just order it and see for myself.Here's my some information about the watch if you're considering buying it,The face:It's white, just like the picture. I only say this because other watches by Timex advertise online a white face but are actually a yellow-creamy hue.The Indiglo:It's the colour teal and it also doesn't entirely light up the face of the watch. There's about half a centimeter of unlit area at the top of the watch. Think of it like a nearly-filled fish tank. It's a feature I won't see myself using much, so I care little about the defect.The Band:It's not as brown as the picture would make you think. Some reviewers agree that it's a Maroon Red. When you actually zoom in on the image, you can see the red that I'm talking about. Just assume that it's reddish and not brown for expectations.The noise:I'm a student with a PC and a fan always running. So obviously this small watch won't over power the noise. With the watch up to my ear, of course I hear ticking but I personally find the repetitive sound soothing. Just a tip, apparently if you put the watch FACE down it some-what mutes the sound from what I read from some reviews.The time/date:What do you do when you get a watch? You set it's time. Right away, I was super frustrated with setting time and date with this watch like other reviewers. A little side story, I kept pulling and pulling the crown to get a certain time setting and the ENTIRE CROWN came out! It looked like a metal toothpick. I was confused about what the hell just happened and sorta like when you drop a vase and sweep it under the carpet, I immediately shoved the little guy back in the hole without much thought. I'm not very technical when it comes it watches which would explain why I'm sounding like a stooge.  Anyways, the watch still worked and I did end up figuring out how to set the time and it was a lot easier than I first thought. Throw away the instructions from the box and follow mine instructions below.How to set time:1. Set Day of Week (Thursday, Friday, etc.)Pull crown out and move it clockwise. If the time is being adjusted, you're doing it right. Keep turning it to get the right day of the week. For me I had to keep turning 3 full days, essentially 6 full 12 hour rotations.2. Set Date (1st, 4th, 29th, etc.)Pull crown out A LITTLE BIT. So little that there's barely a gap between it and the watch case. Then move the crown and you can set the date.3. Set Time (12:39, 1:04, etc.)Pull crown out normally just like when you set Day of Week and just set time as you would any other watch.By the way, when I say pull crown out, I don't mean entirely out of the watch like I did earlier. Once you pull out the crown and it seems it doesn't want to come out a centimeter more, then that's as far as it should go.Overall, great watch, great price, great buy.",5,NA
"Watches","Timex Men's Easy Reader Watch","merrckd","Reviewed in the United States on October 25, 2024","","I got it for my 75 yr old dad who thinks my obsession with watches is weird, but I love finding high value per dollar in ultra affordable watches too. My dad is frugal and likes that in his gifts, but low price doesn't have to mean junk. Also, he finds digitals tacky (so all the good low-end Casios were a no go).I found this Timex, ""scratch & dent"" on Amazon for just shy of $20, it arrived with  the box all beat up, the leather strap was not attached, and there were no spring bars. Still, the watch and strap were in brand new shape. I keep spare spring bars and it was easy to pop the strap on. Strap is on the short side, if you have larger than a 7.5"" wrist, you'll probably need a different one (a NATO would work well on it, imo). Also, watch is old school size, 35mm, so it may seem small by today's standards.Highly legible day or night, it's got indiglo back light, even though that can wear on the battery if used a lot, it does look sharp in the dark, especially for this price point. Water resistant enough you don't have to worry about getting it wet, but I wouldn't go swimming or shower with it.Watch hit everything my dad likes, Timex has quality choices for a budget watch, and it was still fun for me to find. Timex is not a brand I normally look at, but dad loves it and seeing it in hand, I feel good about the purchase.I rate 4 stars because it is a lot of watch for $20-30 bucks. Though buyer beware with scratch & dent, if I didn't already have spare spring bars, I would have been irritated.",4,NA
"Watches","Amazon Essentials Men's Easy to Read Strap Watch","BK","Reviewed in the United States on November 20, 2024","5.0 out of 5 stars","Easy to read, big, nice looking, and reasonably accurate. You do not feel it is a luxury watch, nor do your friends. When you adjust the time with the button, it goes around too fast, and you feel something is cheap inside. However, if the only purpose of your watch is to show the time, It is a good choice.",5,NA
"Watches","Amazon Essentials Men's Easy to Read Strap Watch","BK","Reviewed in the United States on June 11, 2024","","Don't even think about it. Get this watch, slap a better band on it, and that's that! This watch is awesome! Looks great, easy to read, and more. Band is not so good. I had an extra band for my Casio dive watch (200 M WR), put it on, and WOW! It now looks like a very expensive field watch! Several golf buddies have commented on this watch. One asked, ""Is that a Hamilton?"" Their jaws drop when I tell them it's an Amazon Essentials. They really are stunned when I tell them the price. This watch/band combo is now my daily watch; I even wear it out to fancy dinners. Wife loves it, too!",5,NA
"Watches","Amazon Essentials Men's Easy to Read Strap Watch","Charles Anderson","Reviewed in the United States on October 8, 2024","You get a fair value for a less than 20 dollar watch","The watch is very attractive and easy to read. Also, reasonably priced. Only reason I gave it 4 stars is that the watch band, while it compliments the watch, is very small and barely fits around my wrist. My wrist is 8"" around, and the band is uncomfortably tight. Otherwise, I like the watch a lot, so it looks like I'll have to buy a larger band.",5,NA
"Watches","Amazon Essentials Men's Easy to Read Strap Watch","Charles Anderson","Reviewed in the United States on November 19, 2024","5.0 out of 5 stars","I was pleased with this watch because it's large enough to be easily read. Best of all it keeps perfect time.That's amazing for such an inexpensive time piece.",5,NA
"Watches","Amazon Essentials Men's Easy to Read Strap Watch","Thomas Kane","Reviewed in the United States on November 3, 2024","","I bought one over 3 years ago. I wear it DAILY and it still runs like a charm. However, the band has seen better days so I ordered a 2nd watch.  I could've opted to buy a new band but  for the same price I'm getting a whole nutha new watch, and what a cherry of a watch this is.  They are so lovely and well made, you will not disappoint giving these as Xmas presents.",4,NA
"Watches","Amazon Essentials Men's Easy to Read Strap Watch","1931 Durant","Reviewed in the United States on November 9, 2024","Best value watch ever!","I can't believe they sell this for less than $16. Might buy another one just to store before they raise the price or discontinue the watch. Amazing quality. It has some weight to it too. Easy to read face. Someone at Amazon put some thought into the design of this one. Hats off to them.",5,NA
"Watches","Amazon Essentials Men's Easy to Read Strap Watch","Cee Jay","Reviewed in the United States on March 15, 2024","4.0 out of 5 stars","I recently purchased an AmazonBasics watch with a brown faux leather band, drawn in by the affordability and the simple, classic design it promised online. After wearing it for a few days, I've gathered enough impressions to share my thoughts, and unfortunately, they lean more towards the negative side, albeit with an understanding of the price point. Here's a breakdown of my experience:**Pros:**- **Affordable:** True to the AmazonBasics brand, the watch comes at a very wallet-friendly price, making it an accessible option for those on a tight budget.- **Looks Decent From Afar:** At first glance, the watch has a certain appeal, especially if you're not looking too closely. The brown faux leather band and the watch face present a decent attempt at a classic style.**Cons:**- **Uncomfortable Fit:** The fit of the watch is where my issues primarily lie. It's bulkier than I prefer, making it feel awkward and cumbersome on my wrist. This detracts significantly from the wearing experience, making it less likely that I'll reach for it daily.- **Feels Cheap:** Despite my realistic expectations considering the price, the watch feels cheaper than I hoped. The faux leather band feels stiff and low-quality, while the watch itself lacks the weight and solidity that often characterizes more well-made timepieces.- **Lackluster Durability:** Given the overall build and materials, I'm concerned about how well this watch will hold up over time. The band, especially, seems like it might wear down or break with regular use.**Conclusion:**While the AmazonBasics watch with a brown faux leather band certainly fits the bill for an inexpensive, no-frills timepiece, it unfortunately falls short in terms of comfort, quality, and overall satisfaction. The bulkiness and the cheap feel are significant drawbacks that can't be overlooked, even with tempered expectations at this price point. It might serve as an okay starter watch or a temporary stand-in, but for those looking for a daily wearer, it might be worth investing a little more in something that feels better to wear and promises greater longevity.",5,NA
"Watches","Amazon Essentials Men's Easy to Read Strap Watch","Francis","Reviewed in the United States on November 16, 2024","","This watch wasn't much money but worth the price! Keep very good time and I ordered it while other watch had band replaced! Still wearing it! Great Watch!",5,NA
"Watches","Amazon Essentials Men's Easy to Read Strap Watch","colby fink","Reviewed in Canada on October 17, 2024","Nice watch, but.........","Nice watch for the price.",3,NA
"Watches","Amazon Essentials Men's Easy to Read Strap Watch","colby fink","Reviewed in Mexico on November 1, 2024","5.0 out of 5 stars","Bueno por el precio",3,NA
"Watches","Amazon Essentials Men's Easy to Read Strap Watch","James D. Dorman","Reviewed in Mexico on December 30, 2023","","",5,NA
"Watches","Amazon Essentials Men's Easy to Read Strap Watch","Eric Chapman","Reviewed in Canada on September 21, 2024","Keeps peerfect time","Simple y b√°sico, muy bueno para gustos minimalistas. Me gusta que tiene un buen tama√±o pero que no llega a sentirse estorboso, el marcador del d√≠a era lo que estuve buscando y me encant√≥.La correa viene algo r√≠gida y como mi mu√±eca no es grande, lo ajusto en el segundo o tercer orificio y siento que a largo plazo la correa podr√≠a desgastarse de la parte donde tengo que forzar el dobles.Despu√©s de unos meses se lo regal√© a mi pap√° y le ha gustado mucho porque los n√∫meros son claros, es f√°cil de leer e incluye fechados.",5,NA
"Watches","Amazon Essentials Men's Easy to Read Strap Watch","Tito","Reviewed in Canada on January 9, 2024","5.0 out of 5 stars","",5,NA
"Watches","Amazon Essentials Men's Easy to Read Strap Watch","Jos√© Alejandro Mart√≠nez Malag√≥n","Reviewed in the United States on November 20, 2024","","seul d√©fault elle ne tien pas la datte",5,NA
"Watches","Amazon Essentials Men's Easy to Read Strap Watch","Alain B.","Reviewed in the United States on June 11, 2024","The Amazon Essentials Men's Easy to Read (leather) Strap Watch is Home Run","",5,NA
"Watches","Amazon Essentials Men's Easy to Read Strap Watch","Amazon Customer","Reviewed in the United States on October 8, 2024","5.0 out of 5 stars","Nice looking watch for the price.  The time is very easy to see with the large hands and digits.  Husband likes it for those reasons.  The black strap seems a little flimsy, the reason why I gave 4 stars, but hopefully I‚Äôm wrong.  We will see.  Will update on this in a few months.",4,NA
"Watches","Amazon Essentials Men's Easy to Read Strap Watch","BK","Reviewed in the United States on November 19, 2024","","Easy to read, big, nice looking, and reasonably accurate. You do not feel it is a luxury watch, nor do your friends. When you adjust the time with the button, it goes around too fast, and you feel something is cheap inside. However, if the only purpose of your watch is to show the time, It is a good choice.",5,NA
"Watches","Amazon Essentials Men's Easy to Read Strap Watch","BK","Reviewed in the United States on November 3, 2024","Very Good!","Don't even think about it. Get this watch, slap a better band on it, and that's that! This watch is awesome! Looks great, easy to read, and more. Band is not so good. I had an extra band for my Casio dive watch (200 M WR), put it on, and WOW! It now looks like a very expensive field watch! Several golf buddies have commented on this watch. One asked, ""Is that a Hamilton?"" Their jaws drop when I tell them it's an Amazon Essentials. They really are stunned when I tell them the price. This watch/band combo is now my daily watch; I even wear it out to fancy dinners. Wife loves it, too!",5,NA
"Watches","Amazon Essentials Men's Easy to Read Strap Watch","Charles Anderson","Reviewed in the United States on November 9, 2024","3.0 out of 5 stars","The watch is very attractive and easy to read. Also, reasonably priced. Only reason I gave it 4 stars is that the watch band, while it compliments the watch, is very small and barely fits around my wrist. My wrist is 8"" around, and the band is uncomfortably tight. Otherwise, I like the watch a lot, so it looks like I'll have to buy a larger band.",5,NA
"Watches","Amazon Essentials Men's Easy to Read Strap Watch","Charles Anderson","Reviewed in the United States on March 15, 2024","","I was pleased with this watch because it's large enough to be easily read. Best of all it keeps perfect time.That's amazing for such an inexpensive time piece.",5,NA
"Watches","Citizen Men's Classic Quartz Watch, Stainless Steel","Tayte","Reviewed in the United States on October 27, 2024","5.0 out of 5 stars","This is great for the price. It‚Äôs a perfect, classy watch and the price was unbelievable. I‚Äôve wanted a citizen for a while and this was perfect. It was very easy to adjust the band.",5,NA
"Watches","Citizen Men's Classic Quartz Watch, Stainless Steel","Tayte","Reviewed in the United States on April 3, 2024","","This is a beautiful, well-made, day/date Citizen with precise and reliable Japanese quartz movement at a pretty decent price. I have many quartz watches of varying types (dive, dress, sport, aviator, chrono, knockabout, etc.) and this beautiful blue Citizen is a very nice addition. It is very well made, just the right size and scale, and has a nice contrast between the face and hands/markers. There is also a very bright and functional lume (see pix).  Well worth the money.",5,NA
"Watches","Citizen Men's Classic Quartz Watch, Stainless Steel","Amazon Customer","Reviewed in the United States on July 31, 2024","Awesome Watch","I got this for my father for Father‚Äôs Day and he loved it, looks elegant and expensive.",5,NA
"Watches","Citizen Men's Classic Quartz Watch, Stainless Steel","Amazon Customer","Reviewed in the United States on February 4, 2024","5.0 out of 5 stars","I cannot blame the product for my ignorance. It is a good looking watch and holds good time. I knew purchasing it, it wouldn't be that great at water resistance, but it says ""Japanese movement"" after it arrived I found out it's battery powered and not a truly complete mechanical watch. It does look nice and feel nice though. This was my first ""nicer"" watch and I don't regret the purchase but if I were to do it over I would've spent the extra 20$ on the vostok I wanted that has way better water proofing(200m), history, and is a true automatic mechanical movement. This watch does jingle jangle a little but I'm not too bumbed about that at this price point, I'm pretty sure all of the noice is coming from the band and clasp. Also came with all the extra links pre-installed so I had to take 20 minutes to remove 6 links",5,NA
"Watches","Citizen Men's Classic Quartz Watch, Stainless Steel","Don J","Reviewed in the United States on April 6, 2024","","",5,NA
"Watches","Citizen Men's Classic Quartz Watch, Stainless Steel","Will","Reviewed in the United States on April 15, 2024","Beautiful, understated elegance","The media could not be loaded.",4,NA
"Watches","Citizen Men's Classic Quartz Watch, Stainless Steel","Shoaib Khan","Reviewed in the United States on October 26, 2024","5.0 out of 5 stars","It's good quality watch and the color is supercool. Did not wear it yet so can't say about color demage and wear and tear and how long color will stay but atm looks attractive. There is no tool for strap adjustment. If you have not that bigger wrist you may need to adjust the strap. Did not test water resisting.",5,NA
"Watches","Citizen Men's Classic Quartz Watch, Stainless Steel","Shoaib Khan","Reviewed in the United States on August 9, 2024","","This is a really nice watch at an incredible price and it looks to be much more expensive than it is. The blue face on mine is rather dark and appears black until you get it in the light, but I'm adding that as a note, not as a complaint of any sort.The link locks are pretty stiff but can be removed with a nail (not finger type). I  would recommend watching a Youtube video on how to do it.",5,NA
"Watches","Citizen Men's Classic Quartz Watch, Stainless Steel","CarlosC","Reviewed in Brazil on July 4, 2024","Great Quality","I like this watch ,it was bought for a birthday gift. While the time is accurate, the day and date stop working after a week of wearing the watch. I tried everything to resolve this issue but nothing worked. The correct day nor the date will not change by the watch.The refund or return time has expired , therefore I'm stuck with a semi functional nice watch. Not satisfied at all.UPDATE:The watch was taken to the watch smith. There was nothing wrong with it technically. It only had to be reset to a 24 hour cycle, rather than the original  manufacturer setting it came with. Thank God, it works perfectly now. I also downloaded the owners manual pdf. Well hoooray, the gift recipient loves it even more now. It even glows in the dark a lovely featureüòä",5,NA
"Watches","Citizen Men's Classic Quartz Watch, Stainless Steel","jb66","Reviewed in Mexico on June 25, 2024","4.0 out of 5 stars","This watch turns heads all the time great looking watch",5,NA
"Watches","Citizen Men's Classic Quartz Watch, Stainless Steel","gerald dow","Reviewed in Canada on August 17, 2024","","O rel√≥gio Citizen modelo ‚ÄéBF0580-57L tem visual simples e bonito. A caixa √© de a√ßo inox com vidro mineral, tem  muita qualidade e grande precis√£o devido ao fato de ser fabricado com mecanismo quartz. Acho que o di√¢metro do visor poderia ser uns 2 mm menor",5,NA
"Watches","Citizen Men's Classic Quartz Watch, Stainless Steel","Maximiliano Klein","Reviewed in Canada on November 7, 2023","Love it but should've gotten something else","",5,NA
"Watches","Citizen Men's Classic Quartz Watch, Stainless Steel","Pepe K","Reviewed in Canada on October 1, 2023","5.0 out of 5 stars","Fue para regalo, cumpli√≥ mi expectativa.",5,NA
"Watches","Citizen Men's Classic Quartz Watch, Stainless Steel","Otto Schmidt","Reviewed in the United States on October 27, 2024","","",5,NA
"Watches","Citizen Men's Classic Quartz Watch, Stainless Steel","Michael Ennis","Reviewed in the United States on April 3, 2024","Expensive but looks classic","Elegant looking. Citizen has good designs and this is one of them. Good materials used and tough. Have several citizen watches. Love them.",5,NA
"Watches","Citizen Men's Classic Quartz Watch, Stainless Steel","B. B.","Reviewed in the United States on July 31, 2024","5.0 out of 5 stars","Citizen watches are normally well-designed and built. I have been using Citizen watches for years and have not been disappointed. The contrast between the black dial and the gold second and hour hands allows you to read the dial and tell the time. The band design is good and of the same quality as the watch itself. The predictable quality of the Citizen brand makes it a much safer bet than the new group of fashion watches that are inundating the market. This classic quartz watch is good value for the money.",5,NA
"Watches","Citizen Men's Classic Quartz Watch, Stainless Steel","B. B.","Reviewed in the United States on February 4, 2024","","I am very pleased with the watch. I love the blue face, the date display, the accurate time, and the simplicity of the design. The stainless steel band is very attractive and comfortable. I was able to adjust the day & date easily. The wrist band was too big, so I removed a few links from it. I watched a Youtube video (because the how-to videos on the Citizen website did not seem to match my watch model). Removing links is not easy and you can easily lose the spring-loaded pin from the clasp. The unusual link pin clips are very tight, so it is difficult to slide them out. I used a steel nail to push out the pin (clip), then used small-nose pliers to pull them out all the way. I suggest paying a jeweller to adjust the links! I appreciated the fast delivery and reasonable price, however, the cardboard sleeve around the watch box was ripped on one corner. The contents appeared brand new, with tags and protective stickers still intact.",5,NA
"Watches","Citizen Men's Classic Quartz Watch, Stainless Steel","Tayte","Reviewed in the United States on April 6, 2024","Bargain","This is great for the price. It‚Äôs a perfect, classy watch and the price was unbelievable. I‚Äôve wanted a citizen for a while and this was perfect. It was very easy to adjust the band.",5,NA
"Watches","Citizen Men's Classic Quartz Watch, Stainless Steel","Tayte","Reviewed in the United States on April 15, 2024","5.0 out of 5 stars","This is a beautiful, well-made, day/date Citizen with precise and reliable Japanese quartz movement at a pretty decent price. I have many quartz watches of varying types (dive, dress, sport, aviator, chrono, knockabout, etc.) and this beautiful blue Citizen is a very nice addition. It is very well made, just the right size and scale, and has a nice contrast between the face and hands/markers. There is also a very bright and functional lume (see pix).  Well worth the money.",5,NA
"Watches","Citizen Men's Classic Quartz Watch, Stainless Steel","Amazon Customer","Reviewed in the United States on October 26, 2024","","I got this for my father for Father‚Äôs Day and he loved it, looks elegant and expensive.",5,NA
"Watches","Timex Men's Expedition Scout 40mm Watch","Stephen Korthals","Reviewed in the United States on September 11, 2024","5.0 out of 5 stars","There's a lot to be happy about with this watch.  It's got a nice weight, the color scheme (especially the orange second hand) is gorgeous.  The case is a brushed grey, a little lighter than gunmetal.  Simple and sleek! Can't remember the last time I had a watch with indiglo - love that! The watch brand seems like a decent quality leather band - it does take time to break in though, which I'd expect will lend to durability long term.Only minor downside is the lume on the hour/min hands is pretty weak.  But doesn't seem all that necessary when you have the indiglo lighting up the dial in low light.Time and Date setting was a breeze - pretty standard for anything with a crown.",5,NA
"Watches","Timex Men's Expedition Scout 40mm Watch","Chris D","Reviewed in the United States on February 10, 2016","","I haven't been wearing watches for several years but when I saw this I just had to have it.  In a world where there are clocks on our phones, our tablets, our laptops and computers I asked myself why do I need a watch? I pretty much summed it up as this. Wearing a watch is a classy, manly thing and I really did miss wearing a watch everyday.  So let's start again with a new watch. Besides, I now don't find myself digging in my pocket for my phone when someone asks me what time is it or when I need to look to see if my if I am running on time to a secret meeting with another covert operative for beers.This Timex has a classic design, with a rugged looking band that appears to be easily replaced down the road. I've only had it less than a week. But it feels like I have been wearing it for much longer than 5 days. I barely notice this on my wrist until I see it peeking out from my shirt sleeve or when I need to check the time. It has a solid feel to it but it doesn't feel heavy or cumbersome. I used to have a bad habit of catching watches on door frames while walking through doorways but I have yet to have this issue with this watch. Perhaps that might change when short sleeve weather comes around?The canvas style band is something new to me and I will have to get used to latching it. With one hole the band is too loose on my wrist and the next hole the band is almost too tight. I do not fault the watch for that small issue. After all, we are all built differently. Will the band stretch in time like my previous watches with leather bands or will it retain its current size? Perhaps in a few weeks or months I will know the answer to that question. As far as looks are concerned it has a classic military look and a rugged feel but by no means does it look like I'm trying to be tacticool. It is classic enough to be worn in the office, casually or in the park or at the beach. You could probably dress this up with a nice leather band for more formal office occasions or situations. But that is just a guess. It was instantly noticed by a few guys at work the first day I wore it into the office. Could it be that they are used to seeing me without a watch or just that it had a nice appeal to it? My wife likes the way it looks on me too. In other words, she didn't dismiss it as some trendy accessory and had nice things to say about the price.What about the Indiglo? Well in the dark it is easily readable. In somewhat dim light the hands seem to reflect enough light they they blend into the background and can be hard to see. But it is easier read without the indiglo in those situations. I really like the yellow seconds hand too. not too bright and just subtle enough to stick out of the black background. Does it keep accurate time? Since I set it after opening the box it appears to keep accurate time. It matches time with my Citizen, Fossil watches as well as my iPhone. If it loses any time I have yet to notice.What about the loud ticking? I don't hear it unless I put the watch up to my ear then it makes an audible tick. I have yet to hear it sitting on the nightstand next to my bed or even while wearing it. I have yet to get it wet, sweaty, dirty or banged up. But give me time, it will happen, I assure you. We will see if it stands up to regular daily use after I give it a thorough going over. I think with the classic styling of this watch it will look just as good with nicks and scratches as it does brand new. I am sure to add pictures and a follow up review down the road. I really like this watch and hope it takes a licking and keeps on ticking.",5,NA
"Watches","Timex Men's Expedition Scout 40mm Watch","K.S.","Reviewed in the United States on November 2, 2024","Quality for the price!","The Expedition Scout is an affordable quartz field watch. I found the strap comfortable and enjoy the simple design of the dial. The activatable backlight illuminates the whole dial surface (so you don't have to rely on lume plots) and is very readable in the dark. I was solidly satisfied with this purchase at first.However, 1 major downside to this watch is that the movement inside is LOUD. In a quiet room, you can absolutely hear the watch ticking on your wrist. You can even hear the watch ticking across a reasonably sized room if it's quiet, such as on your bedroom dresser at night. I found how audible the ticks are to be annoying enough where it detracts from the wearing experience.As my return window has passed, I will keep the watch as a ""beater"" watch for doing things like yard work or hiking. To be fair, the audible ticks are not noticeable during most daily activities, like going for a walk, going to the supermarket, etc. You need to be in a quiet room/location for the ticks to be noticeable. However, when I'm sitting down to read a book, or have a quiet conversation at home with a friend, I do not want my watch to be so audible that it's distracting or annoying.If it wasn't for the audible ticking of the watch, I'd give the watch 5 stars, especially considering its affordable price. However, I have to subtract at least 1 star because of the audible tick.",4,NA
"Watches","Timex Men's Expedition Scout 40mm Watch","Quality control","Reviewed in the United States on October 25, 2024","5.0 out of 5 stars","Timex is the best bang for the buck. I have numerous watches from the best down to the average and Timex holds up as good as the best, especially the solar powered expeditions. They always look great and have a comfortable band, easy to read and it looks like a high end watch!!  Whats not to like??",5,NA
"Watches","Timex Men's Expedition Scout 40mm Watch","Dust Roger","Reviewed in the United States on November 11, 2024","","Good watch‚Äîreliable and the perfect size. I'm the type of guy who doesn't like wearing a large, alarm clock-sized watch on my wrist, so this one fits the bill perfectly and looks great.",5,NA
"Watches","Timex Men's Expedition Scout 40mm Watch","Harper","Reviewed in Canada on November 20, 2024","Good looking watch with a rugged look and feel.","Like the indiglo",5,NA
"Watches","Timex Men's Expedition Scout 40mm Watch","Federico","Reviewed in Mexico on October 26, 2024","4.0 out of 5 stars","Bonito. Sencillo. Parece m√°s caro a simple vista. Correa y acabados generales de calidad. No demasiado grande.Y lo m√°s importante: da la hora.",5,NA
"Watches","Timex Men's Expedition Scout 40mm Watch","RandyM","Reviewed in Canada on October 12, 2024","","",5,NA
"Watches","Timex Men's Expedition Scout 40mm Watch","Iury Palma","Reviewed in Brazil on September 26, 2024","Affordable Field Watch with a LOUD Movement Inside","Love this watch. Reasonable size, not too heavy (for a man), easy to read, somewhat simple utilitarian stylish and has a lighted dial with a push of the watch stem. Getting the time easily in dim light is a real bonus, without dragging out your cell phone. Timex watches are tried and true. One thing I don't like - it seems impossible to get a similar watch with a durable hardened glass crystal vs a hard plastic as this watch - they scratch up in time with someone engaged in heavy working. But to get this feature, watches are usually divers style, heavy, complex to read, large and very expensive. So with this watch, its a super value and I am quite happy.",5,NA
"Watches","Timex Men's Expedition Scout 40mm Watch","Iury Palma","Reviewed in Mexico on August 30, 2024","5.0 out of 5 stars","Pela foto parecia ser um pouco maior mas valeu a pena mesmo assim. Boa constru√ß√£o e a pulseira √© confort√°vel",5,NA
"Watches","Timex Men's Expedition Scout 40mm Watch","VictorL","Reviewed in the United States on September 11, 2024","","",5,NA
"Watches","Timex Men's Expedition Scout 40mm Watch","VictorL","Reviewed in the United States on February 10, 2016","Keeps on ticking !!!","Gran reloj pues obtiene su energ√≠a por medio de la luz, tanto natural como artificial, por lo que no necesitas cambiar de bater√≠as. Tiene un movimiento de cuarzo muy bueno y fiable, con un segundero que atina a todos los marcadores de segundos. La correa es buena y se siente de calidad. En general soy muy fan de los Eco-Drive de Citizen que tambi√©n son solares, sin embargo su precio m√°s barato es quiz√° m√°s del doble de lo que cuesta este Timex. Por su precio considero que es una excelente opci√≥n",5,NA
"Watches","Timex Men's Expedition Scout 40mm Watch","Stephen Korthals","Reviewed in the United States on November 2, 2024","5.0 out of 5 stars","",5,NA
"Watches","Timex Men's Expedition Scout 40mm Watch","Chris D","Reviewed in the United States on October 25, 2024","","There's a lot to be happy about with this watch.  It's got a nice weight, the color scheme (especially the orange second hand) is gorgeous.  The case is a brushed grey, a little lighter than gunmetal.  Simple and sleek! Can't remember the last time I had a watch with indiglo - love that! The watch brand seems like a decent quality leather band - it does take time to break in though, which I'd expect will lend to durability long term.Only minor downside is the lume on the hour/min hands is pretty weak.  But doesn't seem all that necessary when you have the indiglo lighting up the dial in low light.Time and Date setting was a breeze - pretty standard for anything with a crown.",5,NA
"Watches","Timex Men's Expedition Scout 40mm Watch","K.S.","Reviewed in the United States on November 11, 2024","Good watch, reliable and perfect size.","I haven't been wearing watches for several years but when I saw this I just had to have it.  In a world where there are clocks on our phones, our tablets, our laptops and computers I asked myself why do I need a watch? I pretty much summed it up as this. Wearing a watch is a classy, manly thing and I really did miss wearing a watch everyday.  So let's start again with a new watch. Besides, I now don't find myself digging in my pocket for my phone when someone asks me what time is it or when I need to look to see if my if I am running on time to a secret meeting with another covert operative for beers.This Timex has a classic design, with a rugged looking band that appears to be easily replaced down the road. I've only had it less than a week. But it feels like I have been wearing it for much longer than 5 days. I barely notice this on my wrist until I see it peeking out from my shirt sleeve or when I need to check the time. It has a solid feel to it but it doesn't feel heavy or cumbersome. I used to have a bad habit of catching watches on door frames while walking through doorways but I have yet to have this issue with this watch. Perhaps that might change when short sleeve weather comes around?The canvas style band is something new to me and I will have to get used to latching it. With one hole the band is too loose on my wrist and the next hole the band is almost too tight. I do not fault the watch for that small issue. After all, we are all built differently. Will the band stretch in time like my previous watches with leather bands or will it retain its current size? Perhaps in a few weeks or months I will know the answer to that question. As far as looks are concerned it has a classic military look and a rugged feel but by no means does it look like I'm trying to be tacticool. It is classic enough to be worn in the office, casually or in the park or at the beach. You could probably dress this up with a nice leather band for more formal office occasions or situations. But that is just a guess. It was instantly noticed by a few guys at work the first day I wore it into the office. Could it be that they are used to seeing me without a watch or just that it had a nice appeal to it? My wife likes the way it looks on me too. In other words, she didn't dismiss it as some trendy accessory and had nice things to say about the price.What about the Indiglo? Well in the dark it is easily readable. In somewhat dim light the hands seem to reflect enough light they they blend into the background and can be hard to see. But it is easier read without the indiglo in those situations. I really like the yellow seconds hand too. not too bright and just subtle enough to stick out of the black background. Does it keep accurate time? Since I set it after opening the box it appears to keep accurate time. It matches time with my Citizen, Fossil watches as well as my iPhone. If it loses any time I have yet to notice.What about the loud ticking? I don't hear it unless I put the watch up to my ear then it makes an audible tick. I have yet to hear it sitting on the nightstand next to my bed or even while wearing it. I have yet to get it wet, sweaty, dirty or banged up. But give me time, it will happen, I assure you. We will see if it stands up to regular daily use after I give it a thorough going over. I think with the classic styling of this watch it will look just as good with nicks and scratches as it does brand new. I am sure to add pictures and a follow up review down the road. I really like this watch and hope it takes a licking and keeps on ticking.",4,NA
"Watches","Timex Men's Expedition Scout 40mm Watch","Quality control","Reviewed in Canada on November 20, 2024","Good","The Expedition Scout is an affordable quartz field watch. I found the strap comfortable and enjoy the simple design of the dial. The activatable backlight illuminates the whole dial surface (so you don't have to rely on lume plots) and is very readable in the dark. I was solidly satisfied with this purchase at first.However, 1 major downside to this watch is that the movement inside is LOUD. In a quiet room, you can absolutely hear the watch ticking on your wrist. You can even hear the watch ticking across a reasonably sized room if it's quiet, such as on your bedroom dresser at night. I found how audible the ticks are to be annoying enough where it detracts from the wearing experience.As my return window has passed, I will keep the watch as a ""beater"" watch for doing things like yard work or hiking. To be fair, the audible ticks are not noticeable during most daily activities, like going for a walk, going to the supermarket, etc. You need to be in a quiet room/location for the ticks to be noticeable. However, when I'm sitting down to read a book, or have a quiet conversation at home with a friend, I do not want my watch to be so audible that it's distracting or annoying.If it wasn't for the audible ticking of the watch, I'd give the watch 5 stars, especially considering its affordable price. However, I have to subtract at least 1 star because of the audible tick.",5,NA
"Watches","Timex Men's Expedition Scout 40mm Watch","Dust Roger","Reviewed in Mexico on October 26, 2024","Buena relaci√≥n costo-beneficio","Timex is the best bang for the buck. I have numerous watches from the best down to the average and Timex holds up as good as the best, especially the solar powered expeditions. They always look great and have a comfortable band, easy to read and it looks like a high end watch!!  Whats not to like??",5,NA
"Watches","Timex Men's Expedition Scout 40mm Watch","Harper","Reviewed in Canada on October 12, 2024","","Good watch‚Äîreliable and the perfect size. I'm the type of guy who doesn't like wearing a large, alarm clock-sized watch on my wrist, so this one fits the bill perfectly and looks great.",5,NA
"Watches","Timex Men's Expedition Scout 40mm Watch","Federico","Reviewed in Brazil on September 26, 2024","happy with this watch","Like the indiglo",5,NA
"Watches","Timex Men's Expedition Scout 40mm Watch","RandyM","Reviewed in Mexico on August 30, 2024","Bonito","Bonito. Sencillo. Parece m√°s caro a simple vista. Correa y acabados generales de calidad. No demasiado grande.Y lo m√°s importante: da la hora.",5,NA
"Watches","Michael Kors Oversized Slim Runway Men's Watch, Stainless Steel Watch for Men","Dudley Lightsey","Reviewed in the United States on October 4, 2024","5.0 out of 5 stars","This appears to be a high quality product with a high quality look and feel.  Yes, it's affordable.  The watch is a very nice formal work watch.",5,NA
"Watches","Michael Kors Oversized Slim Runway Men's Watch, Stainless Steel Watch for Men","stlouismom","Reviewed in the United States on November 3, 2024","","This was a graduation gift for our son and he loves it! High quality, great look!",5,NA
"Watches","Michael Kors Oversized Slim Runway Men's Watch, Stainless Steel Watch for Men","Ella","Reviewed in the United States on November 11, 2024","Very nice product for the money","I got this for my boyfriend as gift and he likes it. The watch  can wear on any style you want. Simple design looks sophisticated.",5,NA
"Watches","Michael Kors Oversized Slim Runway Men's Watch, Stainless Steel Watch for Men","Ella","Reviewed in the United States on November 18, 2024","5.0 out of 5 stars","This was a birthday gift for my husband, he loves watches and is very picky! This was a great gift, and he loved it. We did have to go to Macy's and have them take some links out since the watch was too large around his wrist, but the watch itself is beautiful and looks great!",5,NA
"Watches","Michael Kors Oversized Slim Runway Men's Watch, Stainless Steel Watch for Men","Courtney D.","Reviewed in the United States on October 21, 2024","","",5,NA
"Watches","Michael Kors Oversized Slim Runway Men's Watch, Stainless Steel Watch for Men","Abigail","Reviewed in the United States on September 27, 2024","Handsome watch!","The media could not be loaded.",5,NA
"Watches","Michael Kors Oversized Slim Runway Men's Watch, Stainless Steel Watch for Men","Abigail","Reviewed in the United States on November 24, 2024","5.0 out of 5 stars","This is a really nice watch. It was too big for my boyfriend, so depending on your hand size you might have to remove a link or two. The time was easy to set. Easy to use. Packaging was amazing. Lightweight.",5,NA
"Watches","Michael Kors Oversized Slim Runway Men's Watch, Stainless Steel Watch for Men","Amazon Customer","Reviewed in the United States on November 16, 2024","","Really good and its price is very good. It still works with me and its black color is very attractive.",4,NA
"Watches","Michael Kors Oversized Slim Runway Men's Watch, Stainless Steel Watch for Men","Mady","Reviewed in Canada on October 30, 2024","Good watch for a reasonable price","It is original and looks very fancy",5,NA
"Watches","Michael Kors Oversized Slim Runway Men's Watch, Stainless Steel Watch for Men","Edward","Reviewed in Mexico on July 30, 2024","5.0 out of 5 stars","The pictures of this watch on the website doesn‚Äôt do it justice. It is beautiful and every time I wear it I get one compliment after another.",5,NA
"Watches","Michael Kors Oversized Slim Runway Men's Watch, Stainless Steel Watch for Men","Sandra Parker Mtl","Reviewed in Mexico on May 29, 2024","","My husband loved this‚ù§Ô∏è",5,NA
"Watches","Michael Kors Oversized Slim Runway Men's Watch, Stainless Steel Watch for Men","Muy bueno el producto, muy c√≥modo, lleg√≥ en perfecto estado y r√°pido","Reviewed in Mexico on March 13, 2024","Great!!","Es un tel√≥n muy bonito, lleg√≥ muy r√°pido y en excelente estado",5,NA
"Watches","Michael Kors Oversized Slim Runway Men's Watch, Stainless Steel Watch for Men","Diego Alexei","Reviewed in Canada on December 16, 2023","5.0 out of 5 stars","",5,NA
"Watches","Michael Kors Oversized Slim Runway Men's Watch, Stainless Steel Watch for Men","Diego Alexei","Reviewed in the United States on October 4, 2024","","Me encanto, muy buena compra y es id√©ntico a la foto. Lo recomiendo",5,NA
"Watches","Michael Kors Oversized Slim Runway Men's Watch, Stainless Steel Watch for Men","Alvaro Ramses Ramirez Hernandez","Reviewed in the United States on November 3, 2024","Nice watch","",1,NA
"Watches","Michael Kors Oversized Slim Runway Men's Watch, Stainless Steel Watch for Men","Alvaro Ramses Ramirez Hernandez","Reviewed in the United States on November 11, 2024","4.0 out of 5 stars","",1,NA
"Watches","Michael Kors Oversized Slim Runway Men's Watch, Stainless Steel Watch for Men","Bredda Breezy","Reviewed in the United States on November 18, 2024","","",5,NA
"Watches","Michael Kors Oversized Slim Runway Men's Watch, Stainless Steel Watch for Men","Dudley Lightsey","Reviewed in the United States on October 21, 2024","Elegant watch suitable for all occasions","Trust me this is a real MK watch, I received the watch, and its box came with paperwork no issues no scratches nowhere and tear was never used brand new watch perfect. Very happy with my purchase. I wear it to almost every event that I go to and plus you can‚Äôt go wrong getting an MK watch and using Affirm to pay it off üòâ",5,NA
"Watches","Michael Kors Oversized Slim Runway Men's Watch, Stainless Steel Watch for Men","stlouismom","Reviewed in the United States on September 27, 2024","5.0 out of 5 stars","This appears to be a high quality product with a high quality look and feel.  Yes, it's affordable.  The watch is a very nice formal work watch.",5,NA
"Watches","Michael Kors Oversized Slim Runway Men's Watch, Stainless Steel Watch for Men","Ella","Reviewed in the United States on November 24, 2024","","This was a graduation gift for our son and he loves it! High quality, great look!",5,NA
"Watches","Diesel Master Chief Stainless Steel Chronograph Men's Watch","yoobot","Reviewed in the United States on March 27, 2014","5.0 out of 5 stars","Excellent watch and a decent size that isn't too overwhelming on the wrist. I must admit it is a bit hard to read in the dark, but I just use my cellphone. You really have to see this watch in person to appreciate the detail.",5,NA
"Watches","Diesel Master Chief Stainless Steel Chronograph Men's Watch","Kat","Reviewed in the United States on December 18, 2013","","I bought this for my boyfriend as a Christmas gift and was a little nervous, but after seeing it I know he's going to love it. It's a heavy watch and it is a really sharp looking one. You won't be disappointed!",5,NA
"Watches","Diesel Master Chief Stainless Steel Chronograph Men's Watch","Amazon Customer","Reviewed in the United States on February 5, 2023","Great Black Watch for both casual or formal","The watch truly is beautiful! I was upset that it didn't did NOT come in a box as described. I was excited that this was supposed to come in a cool looking box. It was just in a little plastic bag, thrown in the shipping envelope.",4,NA
"Watches","Diesel Master Chief Stainless Steel Chronograph Men's Watch","Chrissy W.","Reviewed in the United States on October 7, 2012","5.0 out of 5 stars","Got this watch as an Anniversary present for the hubby and he loves it! Very nice quality watch. Only downfall with it being completely black is that it doesn't light up which isn't a huge deal but its sometimes hard to read.",5,NA
"Watches","Diesel Master Chief Stainless Steel Chronograph Men's Watch","Rodrigo Diaz Espinoza","Reviewed in the United States on December 3, 2013","","Working well, looks exactly as in the picture! Nice watch for casual use. I wish the hands glowed in the dark but they don't. Anyways, you won't regret it. (Be careful of the size, it is kind of big)",5,NA
"Watches","Diesel Master Chief Stainless Steel Chronograph Men's Watch","Michael gatto","Reviewed in the United States on November 23, 2021","Great watch, great price!","They make the watch in the pic look like it's the big watch when in fact it's the small size watch what a way to rip off people",1,NA
"Watches","Diesel Master Chief Stainless Steel Chronograph Men's Watch","Cecilia","Reviewed in the United States on May 30, 2014","4.0 out of 5 stars","This was a gift to a picky son who already has a very nice watch collection.  This is a very handsome watch, can be dressed up or down. The black on black dial is much nicer in person. He loved it! I'm a super Mom.",5,NA
"Watches","Diesel Master Chief Stainless Steel Chronograph Men's Watch","Andr√©s narvaez","Reviewed in the United States on January 19, 2023","","",5,NA
"Watches","Diesel Master Chief Stainless Steel Chronograph Men's Watch","Andr√©s narvaez","Reviewed in India on May 14, 2024","Beautiful Watch - No Box","Good",5,NA
"Watches","Diesel Master Chief Stainless Steel Chronograph Men's Watch","Frenzy","Reviewed in Canada on December 22, 2019","5.0 out of 5 stars","Nice big face with a thick band, perfect for guys with big wrist. Has the perfect wight, which is fairly light considering the size. The side dial/buttons do not stick out far like other watches, that tend to dig into the top of your hand (if you like to wear watch loose). Very good quality. Only down fall I can think of is the when battery needs to be changed its the style you need a tool for. But can get the tool of wish for a few dollars. Recommend this watch for sure.6",5,NA
"Watches","Diesel Master Chief Stainless Steel Chronograph Men's Watch","Brad Cluff","Reviewed in Australia on April 20, 2020","","Watch wasn't working upon arrival, but nothing a new battery won't fix. Disappointed that the presentation box the watch comes in was damaged. Thankfully the recipient didn't mind. Overall, a very attractive watch with good size and heft.",5,NA
"Watches","Diesel Master Chief Stainless Steel Chronograph Men's Watch","Sarah Gee","Reviewed in Australia on November 13, 2021","Anniversary Gift","After paying good money for a watch, I don‚Äôt think no one expect this kind of service",4,NA
"Watches","Diesel Master Chief Stainless Steel Chronograph Men's Watch","Arman Mahmud","Reviewed in India on July 23, 2016","5.0 out of 5 stars","Diesel Analog Black Dial Men's Watch - DZ4180Selected this watch after rejecting around 1000+ watches. Perfect watch with all black with shiny indicators. Using this from last 7-8 months.Cons: It is little bit heavy so can not use continuously if wearing while working at computer.",1,NA
"Watches","Diesel Master Chief Stainless Steel Chronograph Men's Watch","RohitP","Reviewed in the United States on March 27, 2014","","Excellent watch and a decent size that isn't too overwhelming on the wrist. I must admit it is a bit hard to read in the dark, but I just use my cellphone. You really have to see this watch in person to appreciate the detail.",5,NA
"Watches","Diesel Master Chief Stainless Steel Chronograph Men's Watch","yoobot","Reviewed in the United States on December 18, 2013","just for men!","I bought this for my boyfriend as a Christmas gift and was a little nervous, but after seeing it I know he's going to love it. It's a heavy watch and it is a really sharp looking one. You won't be disappointed!",5,NA
"Watches","Diesel Master Chief Stainless Steel Chronograph Men's Watch","Kat","Reviewed in the United States on February 5, 2023","1.0 out of 5 stars","The watch truly is beautiful! I was upset that it didn't did NOT come in a box as described. I was excited that this was supposed to come in a cool looking box. It was just in a little plastic bag, thrown in the shipping envelope.",5,NA
"Watches","Diesel Master Chief Stainless Steel Chronograph Men's Watch","Amazon Customer","Reviewed in the United States on October 7, 2012","","Got this watch as an Anniversary present for the hubby and he loves it! Very nice quality watch. Only downfall with it being completely black is that it doesn't light up which isn't a huge deal but its sometimes hard to read.",4,NA
"Watches","Diesel Master Chief Stainless Steel Chronograph Men's Watch","Chrissy W.","Reviewed in the United States on December 3, 2013","Watch","Working well, looks exactly as in the picture! Nice watch for casual use. I wish the hands glowed in the dark but they don't. Anyways, you won't regret it. (Be careful of the size, it is kind of big)",5,NA
"Watches","Diesel Master Chief Stainless Steel Chronograph Men's Watch","Rodrigo Diaz Espinoza","Reviewed in the United States on November 23, 2021","5.0 out of 5 stars","They make the watch in the pic look like it's the big watch when in fact it's the small size watch what a way to rip off people",5,NA
"Watches","Diesel Master Chief Stainless Steel Chronograph Men's Watch","Michael gatto","Reviewed in the United States on May 30, 2014","","This was a gift to a picky son who already has a very nice watch collection.  This is a very handsome watch, can be dressed up or down. The black on black dial is much nicer in person. He loved it! I'm a super Mom.",1,NA
"Watches","Casio F108WH Series","lcm","Reviewed in the United States on September 15, 2024","5.0 out of 5 stars","The Casio F108WH Series Men's Digital Watch nails the perfect blend of retro charm and modern functionality. With its classic 80s digital look, this watch is a nostalgic throwback that adds a vintage touch to any outfit. The simple yet iconic design brings back memories of the classic Casio watches, but with updated features that make it perfect for today‚Äôs needs.Beyond its great looks, this watch delivers outstanding performance. The clear digital display, light, daily alarm, and water resistance make it a practical choice for everyday use. It‚Äôs lightweight, durable, and feels comfortable on the wrist all day long. It‚Äôs an incredible value for the price. You get reliable Casio quality and timeless style. If you love retro Casio aesthetics, this watch is a steal.",5,NA
"Watches","Casio F108WH Series","DC","Reviewed in the United States on November 20, 2024","","I've worn a Casio just like this off and on for decades, since the 80s at least. It is tough, highly water resistant, easy to read, lightweight, and keeps excellent time. I am an aircraft mechanic that collects watches - some of them quite expensive, but this is what I wear to work. If it happens to get damaged (unlikely), it is inexpensive to replace. It isn't fancy but it gets the job done at an excellent price. It is of great quality for its purpose, which is not to be a fashion accessory or wrist computer but to tell you the time and date. A crazy concept, I know.",5,NA
"Watches","Casio F108WH Series","ALBERTO HORTA","Reviewed in the United States on November 1, 2024","Retro Style Meets Modern Functionality","I use this watch at work and it is great to just be able to glance over and see the time. I know that this is a reliable piece of equipment that I can use everyday. I use my running watch for that and this is a work watch that I enjoy using because it serves it's purpose very well.",5,NA
"Watches","Casio F108WH Series","Keismer Escalona","Reviewed in the United States on November 27, 2024","5.0 out of 5 stars","Quality is quality, I bought it because it's simple nonetheless strong and brings comfort and a stylish look to your image, always a very good brand",5,NA
"Watches","Casio F108WH Series","Simeon Knapp","Reviewed in the United States on November 17, 2024","","This watch is awesome‚Äîclear display, durable, and a great fit. But then it decided to switch to military time (24-hour format), and suddenly I had to learn how to read it. I didn‚Äôt sign up for a math lesson when I bought this!After a crash course in figuring out what ‚Äú14:00‚Äù means, (it‚Äôs 2:00 btw) I can now say I‚Äôm smarter because of this watch. Still, a heads-up would‚Äôve been nice. 5/5. Because I guess it‚Äôs good to hear something once in a while..",4,NA
"Watches","Casio F108WH Series","Clayton","Reviewed in the United States on October 22, 2024","Great little watch as always.","Originally bought this watch for a ""white"" party, but now I use it for anything casual where I want to wear a watch, like the pool, soccer, yard work etc. Its large face size makes it stand out and not look too dinky. I would say that one issue with the white band is that it does discolor over time a bit.",5,NA
"Watches","Casio F108WH Series","photogirl","Reviewed in the United States on November 17, 2024","5.0 out of 5 stars","I bought this watch so that I can wear it in the shower and while swimming without issues (although I haven‚Äôt done the latter yet). Yes, I‚Äôm the type of person who likes to know what time it is in the shower. I read the instruction manual and it says not to turn the light on while under water. I have made sure to follow that tip and so far, the watch is as good as new after daily use for several months. The only thing I‚Äôve noticed is that the words ‚ÄúIllumination‚Äù and ‚ÄúWater resistant‚Äù have faded a bit on the outer shell. Highly recommend this watch if you want something effective, durable, and don‚Äôt need smart features. I had a Fitbit (now dead), but now that I know my sleep patterns are fine, I no longer see a need to replace it with another Fitbit.",5,NA
"Watches","Casio F108WH Series","Amazon Customer","Reviewed in the United States on November 7, 2024","","Great price for a good watch. Not for rough use, but great for the average person.",5,NA
"Watches","Casio F108WH Series","Adeiza Zulfah","Reviewed in Canada on November 12, 2024","Great watch for the price!","A perfect gift for my 11years. He loves it.",5,NA
"Watches","Casio F108WH Series","Albert","Reviewed in Mexico on October 23, 2024","5.0 out of 5 stars","Exelente condiciones, sin problema alg√∫no en la pantalla o botones, funciona a la perfecci√≥n.",5,NA
"Watches","Casio F108WH Series","Ari Sun üß°üêÜ","Reviewed in Mexico on July 24, 2024","","",5,NA
"Watches","Casio F108WH Series","moa","Reviewed in Canada on March 23, 2024","The product","Precio accesible , muy buena marca, y luce padr√≠simo.",2,NA
"Watches","Casio F108WH Series","Leslie Leyh","Reviewed in Canada on November 30, 2023","4.0 out of 5 stars","",5,NA
"Watches","Casio F108WH Series","lcm","Reviewed in the United States on September 15, 2024","","very bulky, cumbersome esp when wearing a coat",5,NA
"Watches","Casio F108WH Series","DC","Reviewed in the United States on November 20, 2024","Great Watch, Forced Me to Learn Something","My wife and I purchased this watch for our Grandson.  His first real watch.  The watch appears well made and designed.  It has so many feature which will likely be more than he will use.  At least in the beginning.  It was well packaged and should serve him for years.  I have always used a Timex a Ironman watch and this Casio seems very similar in design and ruggedness.  We are so far quite pleased.",5,NA
"Watches","Casio F108WH Series","ALBERTO HORTA","Reviewed in the United States on November 1, 2024","5.0 out of 5 stars","The Casio F108WH Series Men's Digital Watch nails the perfect blend of retro charm and modern functionality. With its classic 80s digital look, this watch is a nostalgic throwback that adds a vintage touch to any outfit. The simple yet iconic design brings back memories of the classic Casio watches, but with updated features that make it perfect for today‚Äôs needs.Beyond its great looks, this watch delivers outstanding performance. The clear digital display, light, daily alarm, and water resistance make it a practical choice for everyday use. It‚Äôs lightweight, durable, and feels comfortable on the wrist all day long. It‚Äôs an incredible value for the price. You get reliable Casio quality and timeless style. If you love retro Casio aesthetics, this watch is a steal.",5,NA
"Watches","Casio F108WH Series","Keismer Escalona","Reviewed in the United States on November 27, 2024","","I've worn a Casio just like this off and on for decades, since the 80s at least. It is tough, highly water resistant, easy to read, lightweight, and keeps excellent time. I am an aircraft mechanic that collects watches - some of them quite expensive, but this is what I wear to work. If it happens to get damaged (unlikely), it is inexpensive to replace. It isn't fancy but it gets the job done at an excellent price. It is of great quality for its purpose, which is not to be a fashion accessory or wrist computer but to tell you the time and date. A crazy concept, I know.",5,NA
"Watches","Casio F108WH Series","Simeon Knapp","Reviewed in the United States on November 17, 2024","Looks good on the wrist; high value for little $","I use this watch at work and it is great to just be able to glance over and see the time. I know that this is a reliable piece of equipment that I can use everyday. I use my running watch for that and this is a work watch that I enjoy using because it serves it's purpose very well.",4,NA
"Watches","Casio F108WH Series","Clayton","Reviewed in the United States on October 22, 2024","5.0 out of 5 stars","Quality is quality, I bought it because it's simple nonetheless strong and brings comfort and a stylish look to your image, always a very good brand",5,NA
"Watches","Casio F108WH Series","photogirl","Reviewed in the United States on November 17, 2024","","This watch is awesome‚Äîclear display, durable, and a great fit. But then it decided to switch to military time (24-hour format), and suddenly I had to learn how to read it. I didn‚Äôt sign up for a math lesson when I bought this!After a crash course in figuring out what ‚Äú14:00‚Äù means, (it‚Äôs 2:00 btw) I can now say I‚Äôm smarter because of this watch. Still, a heads-up would‚Äôve been nice. 5/5. Because I guess it‚Äôs good to hear something once in a while..",5,NA
"Watches","GOLDEN HOUR Fashion Business Mens Watches","Mor Nicole-Main","Reviewed in the United States on November 3, 2024","5.0 out of 5 stars","I got this for my husband, and he is thrilled with it! He says it's comfortable and feels expensive even though it was very reasonable, cost-wise. He also says the tool to customize the links in the band was easy to use. I'm pretty sure he'll never take it off.",5,NA
"Watches","GOLDEN HOUR Fashion Business Mens Watches","Mor Nicole-Main","Reviewed in the United States on November 12, 2024","","Very high quality watch for the price. Great looking. ""Heavy"" duty.",5,NA
"Watches","GOLDEN HOUR Fashion Business Mens Watches","Jason Moore","Reviewed in the United States on October 24, 2024","Classy and high-quality","I was pleasantly surprised with the quality of this watch. It is well built, has a good size band and watchface. Definitely a mens watch when it comes to the size and weight. The clasp locks solid. The black color is a true black. I'm very happy with this watch purchase and I will definitely check out this brand again when I decide to get another watch. Since I like variety that could be in the very near future.",5,NA
"Watches","GOLDEN HOUR Fashion Business Mens Watches","BarrelJunkieOahu808","Reviewed in the United States on November 14, 2024","5.0 out of 5 stars","It's a heavy watch, which i like. The date this is fixed by moving the hands forward until the right date is achieved then set your time.My last $30 watch lasted a year and a half. It wasn't this watch.  Hopefully this one will last longer.",5,NA
"Watches","GOLDEN HOUR Fashion Business Mens Watches","C. Lambert","Reviewed in the United States on November 15, 2024","","This watch is a Christmas gift for my husband, his favorite color is green. It has a fairly big face so it should be easy to read as he is getting older. Since it is a gift, he has not seen it yet so I can't comment on how it fits on his wrist",4,NA
"Watches","GOLDEN HOUR Fashion Business Mens Watches","Linda Maier","Reviewed in the United States on November 21, 2024","High Value","Very nice watch. The band was tighter than I like so  I reached out to Cheetah Watches. I told them the situation and they sent me an extra link. It was great working with them.",5,NA
"Watches","GOLDEN HOUR Fashion Business Mens Watches","Very","Reviewed in the United States on August 16, 2024","5.0 out of 5 stars","I have not been able to keep accurate time on this watch since I bought it. I've tried to change the battery and that did not solve the issue. No matter what I do this watch just won't keep time or date properly. The date usually gets stuck for days and has to be adjusted. Very frustrating because it's a beautiful looking watch but is essentially just jewelry at this point.",5,NA
"Watches","GOLDEN HOUR Fashion Business Mens Watches","Benjamin D. Mcconnell","Reviewed in the United States on October 23, 2024","","I like this watch , the colors are very interesting , include a tool so u can adjust the watch for the correct size of wrist.",3,NA
"Watches","GOLDEN HOUR Fashion Business Mens Watches","Juan luis Inoa","Reviewed in Canada on July 10, 2024","Nice watch. Looks great.","The GOLDEN HOUR Men‚Äôs Watch with Black Stainless Steel and Metal is both stylish and functional. Setting the day and time is straightforward, and the watch operates smoothly from there. I frequently receive compliments on its sleek design. It feels very solid on the wrist, and it comes with all the necessary parts to adjust the links easily. The waterproof feature and chronograph functionality add to its practicality. Perfect for both casual and formal occasions, this watch is a great addition to any wardrobe. Not a bad buy for the price.",5,NA
"Watches","GOLDEN HOUR Fashion Business Mens Watches","Tyler Lesiuk","Reviewed in Brazil on January 27, 2024","4.0 out of 5 stars","At√© o momento sem problemasGostei muito.Obrigada",5,NA
"Watches","GOLDEN HOUR Fashion Business Mens Watches","Neide Barreto Drummond","Reviewed in Mexico on January 12, 2024","","",5,NA
"Watches","GOLDEN HOUR Fashion Business Mens Watches","Sergio Pimentel Pasillas","Reviewed in Brazil on January 29, 2023","Nice watch, the date thing is easy to fix","Fue para un regalo y le gust√≥ mucho. Por el precio me sorprendi√≥ que todas las manecillas funcionan y no son s√≥lo est√©ticas.",5,NA
"Watches","GOLDEN HOUR Fashion Business Mens Watches","Fl√°via M","Reviewed in Belgium on August 12, 2024","5.0 out of 5 stars","",5,NA
"Watches","GOLDEN HOUR Fashion Business Mens Watches","Fl√°via M","Reviewed in the United States on November 3, 2024","","Bonito, resistente e com fecho duplo. O produto n√£o veio na caixa original, mas chegou numa embalagem pr√≥pria para produto fr√°gil.Excelente custo-benef√≠cio!",5,NA
"Watches","GOLDEN HOUR Fashion Business Mens Watches","FRANSSEN GUY","Reviewed in the United States on November 12, 2024","This watch is stylish and it looks expensive","",5,NA
"Watches","GOLDEN HOUR Fashion Business Mens Watches","Mor Nicole-Main","Reviewed in the United States on October 24, 2024","5.0 out of 5 stars","..",5,NA
"Watches","GOLDEN HOUR Fashion Business Mens Watches","Mor Nicole-Main","Reviewed in the United States on November 14, 2024","","I got this for my husband, and he is thrilled with it! He says it's comfortable and feels expensive even though it was very reasonable, cost-wise. He also says the tool to customize the links in the band was easy to use. I'm pretty sure he'll never take it off.",5,NA
"Watches","GOLDEN HOUR Fashion Business Mens Watches","Jason Moore","Reviewed in the United States on November 15, 2024","Easy company to work with.","Very high quality watch for the price. Great looking. ""Heavy"" duty.",5,NA
"Watches","GOLDEN HOUR Fashion Business Mens Watches","BarrelJunkieOahu808","Reviewed in the United States on November 21, 2024","3.0 out of 5 stars","I was pleasantly surprised with the quality of this watch. It is well built, has a good size band and watchface. Definitely a mens watch when it comes to the size and weight. The clasp locks solid. The black color is a true black. I'm very happy with this watch purchase and I will definitely check out this brand again when I decide to get another watch. Since I like variety that could be in the very near future.",5,NA
"Watches","GOLDEN HOUR Fashion Business Mens Watches","C. Lambert","Reviewed in the United States on August 16, 2024","","It's a heavy watch, which i like. The date this is fixed by moving the hands forward until the right date is achieved then set your time.My last $30 watch lasted a year and a half. It wasn't this watch.  Hopefully this one will last longer.",4,NA
